,Wavelength,V1,V2,Gain,Out,Angle
0,489,0.6,0.6,4,-0.10449999999999998,18.58571460388874
1,489,0.6393305439330543,0.6,4,-0.10498828124999998,18.46043341722534
2,489,0.6786610878661088,0.6,4,-0.1050859375,18.435377179892654
3,489,0.7179916317991631,0.6,4,-0.10514062499999999,18.421345686986356
4,489,0.7573221757322175,0.6,4,-0.10506640625000002,18.440388427359185
5,489,0.796652719665272,0.6,4,-0.10488281249999998,18.487494153544635
6,489,0.8359832635983263,0.6,4,-0.10512890624999999,18.42435243546628
7,489,0.8753138075313807,0.6,4,-0.10451953125000002,18.580703356422195
8,489,0.9146443514644351,0.6,4,-0.10504687499999998,18.44539967482573
9,489,0.9539748953974896,0.6,4,-0.10490234375000002,18.48248290607809
10,489,0.9933054393305439,0.6,4,-0.10483203125000001,18.500523396957618
11,489,1.0326359832635983,0.6,4,-0.10512500000000002,18.425354684959576
12,489,1.0719665271966528,0.6,4,-0.10523828125000001,18.396289449653672
13,489,1.111297071129707,0.6,4,-0.10508203124999999,18.436379429385966
14,489,1.1506276150627615,0.6,4,-0.104515625,18.581705605915506
15,489,1.189958158995816,0.6,4,-0.104828125,18.50152564645093
16,489,1.2292887029288702,0.6,4,-0.10475390625000003,18.520568386823758
17,489,1.2686192468619246,0.6,4,-0.10475000000000001,18.521570636317072
18,489,1.307949790794979,0.6,4,-0.10457812500000002,18.565669614022585
19,489,1.3472803347280333,0.6,4,-0.10503125000000002,18.44940867279895
20,489,1.386610878661088,0.6,4,-0.10502343749999998,18.451413171785575
21,489,1.4259414225941422,0.6,4,-0.10512890624999999,18.42435243546628
22,489,1.4652719665271965,0.6,4,-0.10474609374999999,18.522572885810384
23,489,1.5046025104602512,0.6,4,-0.10484375000000001,18.497516648477696
24,489,1.5439330543933054,0.6,4,-0.10487109374999998,18.490500902024557
25,489,1.5832635983263597,0.6,4,-0.104875,18.489498652531243
26,489,1.6225941422594143,0.6,4,-0.10466406249999999,18.543620125169834
27,489,1.6619246861924686,0.6,4,-0.10530078124999998,18.380253457760766
28,489,1.7012552301255228,0.6,4,-0.10512109375,18.426356934452887
29,489,1.7405857740585775,0.6,4,-0.10464843750000002,18.547629123143054
30,489,1.7799163179916317,0.6,4,-0.10488281249999998,18.487494153544635
31,489,1.819246861924686,0.6,4,-0.10504687499999998,18.44539967482573
32,489,1.8585774058577407,0.6,4,-0.10531249999999998,18.377246709280843
33,489,1.897907949790795,0.6,4,-0.10494921875000002,18.470455912158403
34,489,1.9372384937238492,0.6,4,-0.10539453124999998,18.35619946992139
35,489,1.9765690376569038,0.6,4,-0.10534765624999998,18.36822646384108
36,489,2.015899581589958,0.6,4,-0.10542968749999998,18.347179224481625
37,489,2.0552301255230123,0.6,4,-0.10491796874999998,18.47847390810487
38,489,2.094560669456067,0.6,4,-0.10523046875000003,18.39829394864028
39,489,2.1338912133891212,0.6,4,-0.10513671875000002,18.422347936479653
40,489,2.173221757322176,0.6,4,-0.10529687500000001,18.381255707254063
41,489,2.21255230125523,0.6,4,-0.10576171875000001,18.261988017550504
42,489,2.2518828451882844,0.6,4,-0.10569921874999999,18.278024009443428
43,489,2.291213389121339,0.6,4,-0.10587890625000002,18.23192053275129
44,489,2.3305439330543933,0.6,4,-0.10542968749999998,18.347179224481625
45,489,2.3698744769874476,0.6,4,-0.10585546875000001,18.23793402971113
46,489,2.4092050209205023,0.6,4,-0.10571484375000001,18.274015011470194
47,489,2.4485355648535565,0.6,4,-0.10546093750000002,18.339161228535158
48,489,2.4878661087866107,0.6,4,-0.10542578125000002,18.348181473974922
49,489,2.5271966527196654,0.6,4,-0.10569140625000001,18.280028508430036
50,489,2.5665271966527197,0.6,4,-0.10592578125000002,18.219893538831602
51,489,2.6058577405857744,0.6,4,-0.10560156250000002,18.303080246776098
52,489,2.6451882845188286,0.6,4,-0.10596875,18.208868794405227
53,489,2.684518828451883,0.6,4,-0.10560546874999999,18.3020779972828
54,489,2.7238493723849375,0.6,4,-0.10552343749999998,18.32312523664225
55,489,2.7631799163179918,0.6,4,-0.10479296874999999,18.510545891890697
56,489,2.802510460251046,0.6,4,-0.10453515624999998,18.576694358448975
57,489,2.8418410041841007,0.6,4,-0.10370703125000003,18.78917125103009
58,489,2.881171548117155,0.6,4,-0.10280468749999999,19.020690883984063
59,489,2.920502092050209,0.6,4,-0.10179296874999999,19.280273502750628
60,489,2.959832635983264,0.6,4,-0.09991406250000001,19.762355509031384
61,489,2.999163179916318,0.6,4,-0.0975625,20.365709704002324
62,489,3.0384937238493723,0.6,4,-0.09405078124999999,21.266731998485497
63,489,3.077824267782427,0.6,4,-0.09062109374999999,22.14670705360922
64,489,3.1171548117154813,0.6,4,-0.08624609374999997,23.26922648611329
65,489,3.1564853556485355,0.6,4,-0.08052734374999998,24.73651974431503
66,489,3.19581589958159,0.6,4,-0.07420312499999998,26.359161673979386
67,489,3.2351464435146444,0.6,4,-0.0688359375,27.736252477783477
68,489,3.2744769874476987,0.6,4,-0.06089843750000001,29.772823448183704
69,489,3.3138075313807533,0.6,4,-0.05316015624999998,31.758279694425276
70,489,3.3531380753138076,0.6,4,-0.04370703125000003,34.18372346822869
71,489,3.392468619246862,0.6,4,-0.03367187500000002,36.75850241653489
72,489,3.4317991631799165,0.6,4,-0.02464453124999999,39.07470099556784
73,489,3.4711297071129708,0.6,4,-0.013664062500000018,41.892024321254375
74,489,3.510460251046025,0.6,4,-0.002640624999999952,44.720372391367306
75,489,3.5497907949790797,0.6,4,0.00683203125,47.15082741263726
76,489,3.589121338912134,0.6,4,0.0183125,50.09643867346713
77,489,3.628451882845188,0.6,4,0.0295390625,52.97690371723201
78,489,3.667782426778243,0.6,4,0.04038671875,55.76015056014611
79,489,3.707112970711297,0.6,4,0.04907421875,57.98915343326133
80,489,3.7464435146443518,0.6,4,0.059199218750000004,60.58698411991359
81,489,3.785774058577406,0.6,4,0.0683125,62.92523218779929
82,489,3.8251046025104602,0.6,4,0.0748671875,64.60700683756876
83,489,3.864435146443515,0.6,4,0.08291796875,66.67264304327492
84,489,3.903765690376569,0.6,4,0.08944921875,68.34840419608454
85,489,3.9430962343096234,0.6,4,0.093953125,69.50399786186776
86,489,3.982426778242678,0.6,4,0.09774218750000001,70.47617987037574
87,489,4.021757322175732,0.6,4,0.1013828125,71.41027639813804
88,489,4.061087866108786,0.6,4,0.10326953125,71.89436290340542
89,489,4.100418410041841,0.6,4,0.1043828125,72.18000400899797
90,489,4.1397489539748955,0.6,4,0.10383203125,72.03868683044166
91,489,4.179079497907949,0.6,4,0.1027578125,71.76306821978218
92,489,4.218410041841004,0.6,4,0.1004609375,71.17374551771755
93,489,4.257740585774059,0.6,4,0.0971640625,70.32784694536626
94,489,4.2970711297071125,0.6,4,0.09210546875,69.02993385153344
95,489,4.336401673640167,0.6,4,0.08723046875,67.77912648388606
96,489,4.375732217573222,0.6,4,0.0807734375,66.12240807144926
97,489,4.415062761506276,0.6,4,0.07367968750000001,64.30232299160339
98,489,4.45439330543933,0.6,4,0.0667734375,62.530345887436255
99,489,4.493723849372385,0.6,4,0.05876953125,60.476736675649796
100,489,4.533054393305439,0.6,4,0.0521328125,58.77391478652087
101,489,4.5723849372384935,0.6,4,0.0432890625,56.50482193367336
102,489,4.611715481171548,0.6,4,0.0361015625,54.660682865988115
103,489,4.651046025104602,0.6,4,0.027109375,52.353504532394936
104,489,4.690376569037657,0.6,4,0.02037109375,50.62462415644002
105,489,4.729707112970711,0.6,4,0.011898437500000001,48.450745005456696
106,489,4.769037656903765,0.6,4,0.0035390625,46.305931089779286
107,489,4.80836820083682,0.6,4,-0.003039062499999967,44.61814294304997
108,489,4.8476987447698745,0.6,4,-0.011042968749999993,42.56453373126351
109,489,4.887029288702928,0.6,4,-0.018058593750000018,40.76449364128377
110,489,4.926359832635983,0.6,4,-0.025558593750000025,38.84017461413394
111,489,4.965690376569038,0.6,4,-0.031414062500000006,37.337802623666455
112,489,5.0050209205020915,0.6,4,-0.037750000000000006,35.712153945522175
113,489,5.044351464435146,0.6,4,-0.04249999999999998,34.493418561660626
114,489,5.083682008368201,0.6,4,-0.04823046874999998,33.023118554978964
115,489,5.123012552301255,0.6,4,-0.05371874999999998,31.614958016882348
116,489,5.162343096234309,0.6,4,-0.057746093750000005,30.581638789282618
117,489,5.201673640167364,0.6,4,-0.06222656250000003,29.43205862045925
118,489,5.241004184100418,0.6,4,-0.06572656249999997,28.534043074456015
119,489,5.2803347280334725,0.6,4,-0.06948046875000002,27.570881311387783
120,489,5.319665271966527,0.6,4,-0.0721015625,26.898371901378656
121,489,5.358995815899581,0.6,4,-0.07501171875000001,26.151696028864787
122,489,5.398326359832636,0.6,4,-0.07694921874999999,25.654580280184422
123,489,5.43765690376569,0.6,4,-0.07868359375,25.209581505156024
124,489,5.476987447698744,0.6,4,-0.08024609375000002,24.808681707833138
125,489,5.516317991631799,0.6,4,-0.081484375,24.49096861845476
126,489,5.5556485355648535,0.6,4,-0.08191015624999998,24.38172342368428
127,489,5.594979079497907,0.6,4,-0.08230078125000001,24.28149847435355
128,489,5.634309623430962,0.6,4,-0.08210546875000002,24.33161094901891
129,489,5.673640167364017,0.6,4,-0.08182421875000001,24.403772912537033
130,489,5.7129707112970705,0.6,4,-0.08103906249999998,24.605225060691787
131,489,5.752301255230125,0.6,4,-0.08048828125000002,24.746542239248093
132,489,5.79163179916318,0.6,4,-0.07938281250000001,25.03017884585403
133,489,5.830962343096234,0.6,4,-0.07771875,25.457137130002902
134,489,5.870292887029288,0.6,4,-0.07557031250000001,26.00837435132186
135,489,5.909623430962343,0.6,4,-0.07354296874999999,26.5285418383483
136,489,5.948953974895397,0.6,4,-0.07216406250000001,26.882335909485736
137,489,5.9882845188284515,0.6,4,-0.06976953125000002,27.49671484888305
138,489,6.027615062761506,0.6,4,-0.0672421875,28.145170271052816
139,489,6.06694560669456,0.6,4,-0.06469921875000001,28.7976346911958
140,489,6.106276150627615,0.6,4,-0.06251953124999998,29.356889908461223
141,489,6.145606694560669,0.6,4,-0.05955859375,30.116595024388076
142,489,6.184937238493723,0.6,4,-0.05691015625000001,30.796120180850355
143,489,6.224267782426778,0.6,4,-0.054007812499999974,31.540791554377616
144,489,6.2635983263598325,0.6,4,-0.051179687500000015,32.26642018753202
145,489,6.302928870292886,0.6,4,-0.0478515625,33.120336755829754
146,489,6.342259414225941,0.6,4,-0.044269531249999994,34.03939954119246
147,489,6.381589958158996,0.6,4,-0.04070312500000001,34.954453328581934
148,489,6.4209205020920495,0.6,4,-0.038277343750000026,35.5768502639257
149,489,6.460251046025104,0.6,4,-0.034812500000000024,36.465845564489186
150,489,6.499581589958159,0.6,4,-0.03145703124999999,37.32677787924008
151,489,6.538912133891213,0.6,4,-0.027687499999999976,38.293948640281535
152,489,6.578242677824267,0.6,4,-0.025050781249999987,38.97046704826389
153,489,6.617573221757322,0.6,4,-0.021675781250000026,39.8364106104813
154,489,6.656903765690376,0.6,4,-0.018214843749999987,40.72440366155149
155,489,6.6962343096234305,0.6,4,-0.014730468750000003,41.61841020958151
156,489,6.735564853556485,0.6,4,-0.011988281249999955,42.321989353883176
157,489,6.774895397489539,0.6,4,-0.008824218749999946,43.133811443462015
158,489,6.814225941422594,0.6,4,-0.005874999999999964,43.890509810908945
159,489,6.853556485355648,0.6,4,-0.0025351562500000036,44.74743312768659
160,489,6.892887029288703,0.6,4,-5.859374999994671e-05,45.38285930644337
161,489,6.932217573221757,0.6,4,0.00289453125,46.1405599233836
162,489,6.9715481171548115,0.6,4,0.00602734375,46.94436401701597
163,489,7.010878661087866,0.6,4,0.00870703125,47.631907169424714
164,489,7.05020920502092,0.6,4,0.011671875,48.39261453484488
165,489,7.089539748953975,0.6,4,0.01461328125,49.1473084033052
166,489,7.128870292887029,0.6,4,0.01684765625,49.720595113476925
167,489,7.168200836820083,0.6,4,0.019890625000000002,50.50134746876323
168,489,7.207531380753138,0.6,4,0.02258203125,51.19189736965189
169,489,7.2468619246861925,0.6,4,0.02506640625,51.82932804739527
170,489,7.286192468619246,0.6,4,0.02746875,52.44571148577919
171,489,7.325523012552301,0.6,4,0.03026171875,53.16231987349385
172,489,7.364853556485356,0.6,4,0.03198828125,53.60531414953563
173,489,7.4041841004184095,0.6,4,0.034960937500000004,54.36802601394241
174,489,7.443514644351464,0.6,4,0.03691015625,54.8681485111027
175,489,7.482845188284519,0.6,4,0.0395625,55.54867591705829
176,489,7.522175732217573,0.6,4,0.04160546875,56.072852402057954
177,489,7.561506276150627,0.6,4,0.04389453125,56.66017060513598
178,489,7.600836820083682,0.6,4,0.0460625,57.21641907392148
179,489,7.640167364016736,0.6,4,0.04785546875,57.676451591349476
180,489,7.6794979079497905,0.6,4,0.04976953125,58.16755384307001
181,489,7.718828451882845,0.6,4,0.051703125,58.66366734225708
182,489,7.758158995815899,0.6,4,0.053671875,59.1688010868839
183,489,7.797489539748954,0.6,4,0.055828125,59.722042807189474
184,489,7.836820083682008,0.6,4,0.05767578125,60.196106817523784
185,489,7.876150627615062,0.6,4,0.0586328125,60.441657943384044
186,489,7.915481171548117,0.6,4,0.0609921875,61.0470166373416
187,489,7.9548117154811715,0.6,4,0.06282421875000001,61.51707164970267
188,489,7.994142259414225,0.6,4,0.06391015625,61.795697008842076
189,489,8.03347280334728,0.6,4,0.06476171875,62.014187398383044
190,489,8.072803347280335,0.6,4,0.0662578125,62.398048954319705
191,489,8.11213389121339,0.6,4,0.0686171875,63.00340764827725
192,489,8.151464435146444,0.6,4,0.06987890625,63.32713423461547
193,489,8.190794979079499,0.6,4,0.07122265625,63.67190806031316
194,489,8.230125523012552,0.6,4,0.0724296875,63.98160315374508
195,489,8.269456066945606,0.6,4,0.074296875,64.46067841154591
196,489,8.308786610878661,0.6,4,0.07491015625,64.61803158199515
197,489,8.348117154811716,0.6,4,0.0765625,65.0419831176641
198,489,8.38744769874477,0.6,4,0.07757421875,65.30156573643066
199,489,8.426778242677825,0.6,4,0.07881640625,65.62028107530236
200,489,8.466108786610878,0.6,4,0.08020703125,65.97708189491972
201,489,8.505439330543933,0.6,4,0.08116796875,66.22363527027328
202,489,8.544769874476987,0.6,4,0.08251953125,66.57041359495757
203,489,8.584100418410042,0.6,4,0.08355859375000001,66.83701196017729
204,489,8.623430962343097,0.6,4,0.0846015625,67.10461257489031
205,489,8.66276150627615,0.6,4,0.08554687500000001,67.34715695227067
206,489,8.702092050209204,0.6,4,0.08785156250000001,67.9384841533219
207,489,8.741422594142259,0.6,4,0.0894765625,68.3554199425377
208,489,8.780753138075314,0.6,4,0.09064453125000001,68.65509254103655
209,489,8.820083682008368,0.6,4,0.091875,68.97080113142832
210,489,8.859414225941423,0.6,4,0.09276171875,69.19831176640906
211,489,8.898744769874476,0.6,4,0.093453125,69.37570992672443
212,489,8.93807531380753,0.6,4,0.094578125,69.6643577807969
213,489,8.977405857740585,0.6,4,0.095015625,69.7766097240473
214,489,9.01673640167364,0.6,4,0.09601171875,70.03218334484065
215,489,9.056066945606695,0.6,4,0.09644921875,70.14443528809106
216,489,9.09539748953975,0.6,4,0.09730078125,70.36292567763203
217,489,9.134728033472802,0.6,4,0.09840234375,70.64556003474466
218,489,9.174058577405857,0.6,4,0.09862890625,70.70369050535646
219,489,9.213389121338912,0.6,4,0.099890625,71.0274170916947
220,489,9.252719665271966,0.6,4,0.100375,71.15169602886479
221,489,9.292050209205021,0.6,4,0.1010859375,71.3341054366467
222,489,9.331380753138076,0.6,4,0.1017578125,71.50649234949553
223,489,9.370711297071129,0.6,4,0.1023828125,71.66685226842469
224,489,9.410041841004183,0.6,4,0.10213671875000001,71.60371055034635
225,489,9.449372384937238,0.6,4,0.1034296875,71.93545513263102
226,489,9.488702928870293,0.6,4,0.10382812500000001,72.03768458094835
227,489,9.528033472803347,0.6,4,0.10445312500000001,72.1980444998775
228,489,9.567364016736402,0.6,4,0.10492968750000001,72.32031893806099
229,489,9.606694560669455,0.6,4,0.10543359375,72.44960912269761
230,489,9.64602510460251,0.6,4,0.10587890625,72.56386556493464
231,489,9.685355648535564,0.6,4,0.10635546875,72.68614000311811
232,489,9.724686192468619,0.6,4,0.10666796875000001,72.7663199625827
233,489,9.764016736401674,0.6,4,0.10725,72.91565513708547
234,489,9.803347280334728,0.6,4,0.10744140625,72.96476536225751
235,489,9.842677824267781,0.6,4,0.10791015625,73.08503530145438
236,489,9.882008368200836,0.6,4,0.1083671875,73.20229849217132
237,489,9.92133891213389,0.6,4,0.1089375,73.34862691819419
238,489,9.960669456066945,0.6,4,0.109125,73.39673489387292
239,489,10.0,0.6,4,0.10933593750000001,73.4508563665115
240,489,0.6,0.6,4,-0.10598828124999998,18.203857546938696
241,489,0.6,0.6393305439330543,4,-0.10577343750000001,18.258981269070585
242,489,0.6,0.6786610878661088,4,-0.10614062499999999,18.164769816699714
243,489,0.6,0.7179916317991631,4,-0.10562500000000002,18.297066749816253
244,489,0.6,0.7573221757322175,4,-0.10552734375,18.32212298714894
245,489,0.6,0.796652719665272,4,-0.10576562500000003,18.260985768057193
246,489,0.6,0.8359832635983263,4,-0.1060859375,18.17880130960601
247,489,0.6,0.8753138075313807,4,-0.10572265624999999,18.272010512483583
248,489,0.6,0.9146443514644351,4,-0.10587109374999998,18.23392503173791
249,489,0.6,0.9539748953974896,4,-0.10571875000000003,18.27301276197688
250,489,0.6,0.9933054393305439,4,-0.1054921875,18.331143232588705
251,489,0.6,1.0326359832635983,4,-0.10564062499999999,18.293057751843033
252,489,0.6,1.0719665271966528,4,-0.105515625,18.325129735628863
253,489,0.6,1.111297071129707,4,-0.10590624999999998,18.224904786298147
254,489,0.6,1.1506276150627615,4,-0.10576562500000003,18.260985768057193
255,489,0.6,1.189958158995816,4,-0.10578125,18.256976770083973
256,489,0.6,1.2292887029288702,4,-0.10577734374999997,18.257979019577284
257,489,0.6,1.2686192468619246,4,-0.10583203125000001,18.243947526670976
258,489,0.6,1.307949790794979,4,-0.10544921875000002,18.34216797701508
259,489,0.6,1.3472803347280333,4,-0.10546875,18.33715672954855
260,489,0.6,1.386610878661088,4,-0.1053046875,18.37925120826745
261,489,0.6,1.4259414225941422,4,-0.10548437500000002,18.333147731575316
262,489,0.6,1.4652719665271965,4,-0.10551953125000002,18.32412748613555
263,489,0.6,1.5046025104602512,4,-0.10558203124999999,18.308091494242642
264,489,0.6,1.5439330543933054,4,-0.10536328125,18.364217465867846
265,489,0.6,1.5832635983263597,4,-0.10565234374999999,18.290051003363114
266,489,0.6,1.6225941422594143,4,-0.10515625,18.417336689013123
267,489,0.6,1.6619246861924686,4,-0.10554296875000002,18.318113989175707
268,489,0.6,1.7012552301255228,4,-0.10501171874999998,18.454419920265494
269,489,0.6,1.7405857740585775,4,-0.10528906249999997,18.383260206240685
270,489,0.6,1.7799163179916317,4,-0.10505859374999998,18.442392926345807
271,489,0.6,1.819246861924686,4,-0.10516015625000003,18.41633443951981
272,489,0.6,1.8585774058577407,4,-0.10493359375,18.474464910131637
273,489,0.6,1.897907949790795,4,-0.10496875,18.46544466469187
274,489,0.6,1.9372384937238492,4,-0.1044921875,18.587719102875347
275,489,0.6,1.9765690376569038,4,-0.1049921875,18.459431167732028
276,489,0.6,2.015899581589958,4,-0.10426953124999999,18.64484732399386
277,489,0.6,2.0552301255230123,4,-0.10476171875000001,18.51856388783715
278,489,0.6,2.094560669456067,4,-0.10440624999999998,18.609768591728113
279,489,0.6,2.1338912133891212,4,-0.10441796874999998,18.60676184324819
280,489,0.6,2.173221757322176,4,-0.10425390625000003,18.64885632196708
281,489,0.6,2.21255230125523,4,-0.10407421875,18.69495979865922
282,489,0.6,2.2518828451882844,4,-0.10357031249999998,18.824249983295854
283,489,0.6,2.291213389121339,4,-0.10381250000000003,18.762110514710795
284,489,0.6,2.3305439330543933,4,-0.10303125000000002,18.962560413372238
285,489,0.6,2.3698744769874476,4,-0.10287109374999998,19.003652642597842
286,489,0.6,2.4092050209205023,4,-0.10269140625,19.049756119289967
287,489,0.6,2.4485355648535565,4,-0.10226953124999999,19.15799906456715
288,489,0.6,2.4878661087866107,4,-0.10162109375,19.32437248045614
289,489,0.6,2.5271966527196654,4,-0.10099609375000002,19.48473239938529
290,489,0.6,2.5665271966527197,4,-0.09967187500000002,19.82449497761643
291,489,0.6,2.6058577405857744,4,-0.09890625000000003,20.020935878304638
292,489,0.6,2.6451882845188286,4,-0.09792968750000003,20.27149825163144
293,489,0.6,2.684518828451883,4,-0.09582812499999999,20.810708479030723
294,489,0.6,2.7238493723849375,4,-0.09383984374999998,21.32085347112409
295,489,0.6,2.7631799163179918,4,-0.09060937499999999,22.149713802089142
296,489,0.6,2.802510460251046,4,-0.0869609375,23.085814828838064
297,489,0.6,2.8418410041841007,4,-0.08213281249999999,24.324595202565767
298,489,0.6,2.881171548117155,4,-0.07610546875000002,25.87106617073877
299,489,0.6,2.920502092050209,4,-0.08735156249999998,22.98558987950735
300,489,0.6,2.959832635983264,4,-0.05986328125000001,30.03841956391011
301,489,0.6,2.999163179916318,4,-0.05018359374999998,32.52199380832536
302,489,0.6,3.0384937238493723,4,-0.039207031250000024,35.33831488451859
303,489,0.6,3.077824267782427,4,-0.038441406249999976,35.53475578520681
304,489,0.6,3.1171548117154813,4,-0.015249999999999986,41.48511102697166
305,489,0.6,3.1564853556485355,4,-0.002195312500000046,44.834628833604306
306,489,0.6,3.19581589958159,4,0.01271484375,48.66021514955791
307,489,0.6,3.2351464435146444,4,-0.013332031249999987,41.97721552818549
308,489,0.6,3.2744769874476987,4,0.0405546875,55.80324728835832
309,489,0.6,3.3138075313807533,4,0.05548828125,59.634847101271745
310,489,0.6,3.3531380753138076,4,0.067828125,62.8009532506292
311,489,0.6,3.392468619246862,4,0.00624609375,47.00048998864118
312,489,0.6,3.4317991631799165,4,0.0951796875,69.81870420276621
313,489,0.6,3.4711297071129708,4,0.109890625,73.59317579456113
314,489,0.6,3.510460251046025,4,0.12275,76.89258112652843
315,489,0.6,3.5497907949790797,4,0.0345390625,54.25978306866523
316,489,0.6,3.589121338912134,4,0.14192578125,81.81262388917348
317,489,0.6,3.628451882845188,4,0.15103906250000002,84.1508719570592
318,489,0.6,3.667782426778243,4,0.15786328125000001,85.90180182186685
319,489,0.6,3.707112970711297,4,0.15341015625,84.75923739949667
320,489,0.6,3.7464435146443518,4,0.16471484375,87.65974743312769
321,489,0.6,3.785774058577406,4,0.1655703125,87.87924007216198
322,489,0.6,3.8251046025104602,4,0.16373828125,87.40918505980089
323,489,0.6,3.864435146443515,4,0.11855859375,75.81716742020981
324,489,0.6,3.903765690376569,4,0.1551015625,85.19321143009867
325,489,0.6,3.9430962343096234,4,0.14940234375,83.73092941936346
326,489,0.6,3.982426778242678,4,0.14054296875,81.45782756854274
327,489,0.6,4.021757322175732,4,0.06734375000000001,62.6766743134591
328,489,0.6,4.061087866108786,4,0.12,76.18699748324016
329,489,0.6,4.100418410041841,4,0.10746875,72.97178110871067
330,489,0.6,4.1397489539748955,4,0.095578125,69.92093365108356
331,489,0.6,4.179079497907949,4,0.04296484375,56.42163522572886
332,489,0.6,4.218410041841004,4,0.06686718750000001,62.55439987527563
333,489,0.6,4.257740585774059,4,0.055265625,59.577718880153235
334,489,0.6,4.2970711297071125,4,0.04065625,55.82930577518431
335,489,0.6,4.336401673640167,4,0.02586328125,52.03378694402994
336,489,0.6,4.375732217573222,4,0.01098828125,48.21722087351612
337,489,0.6,4.415062761506276,4,-0.0005351562500000018,45.260584868259876
338,489,0.6,4.45439330543933,4,-0.014546875000000015,41.66551593576695
339,489,0.6,4.493723849372385,4,-0.025601562500000008,38.82914986970757
340,489,0.6,4.533054393305439,4,-0.03883593750000003,35.43352858638277
341,489,0.6,4.5723849372384935,4,-0.05199609375000003,32.05695004343081
342,489,0.6,4.611715481171548,4,-0.06244921874999998,29.374930399340755
343,489,0.6,4.651046025104602,4,-0.0737890625,26.465400120269944
344,489,0.6,4.690376569037657,4,-0.08354687500000002,23.961780885988553
345,489,0.6,4.729707112970711,4,-0.09435937500000002,21.18755428851422
346,489,0.6,4.769037656903765,4,-0.10508203124999999,18.436379429385966
347,489,0.6,4.80836820083682,4,-0.09473437499999998,21.091338337156742
348,489,0.6,4.8476987447698745,4,-0.12212109375000002,14.064567139579948
349,489,0.6,4.887029288702928,4,-0.13029687499999998,11.966858950087987
350,489,0.6,4.926359832635983,4,-0.1375234375,10.112697387469657
351,489,0.6,4.965690376569038,4,-0.14706249999999998,7.665204124813481
352,489,0.6,5.0050209205020915,4,-0.15231640624999998,6.317178556315297
353,489,0.6,5.044351464435146,4,-0.15696875,5.123499409786419
354,489,0.6,5.083682008368201,4,-0.16064843750000002,4.179380387091028
355,489,0.6,5.123012552301255,4,-0.12207812499999998,14.075591884006336
356,489,0.6,5.162343096234309,4,-0.16561328125000002,2.9055212810975752
357,489,0.6,5.201673640167364,4,-0.16735937499999998,2.457515757589268
358,489,0.6,5.241004184100418,4,-0.16766015625000003,2.3803425466046013
359,489,0.6,5.2803347280334725,4,-0.16747265625000002,2.428450522283349
360,489,0.6,5.319665271966527,4,-0.1668046875,2.5998351856388866
361,489,0.6,5.358995815899581,4,-0.16519531250000002,3.0127619768814453
362,489,0.6,5.398326359832636,4,-0.16267187500000002,3.6602151495578976
363,489,0.6,5.43765690376569,4,-0.16004687499999998,4.333726809060348
364,489,0.6,5.476987447698744,4,-0.15703515625000003,5.106461168400186
365,489,0.6,5.516317991631799,4,-0.15289843749999998,6.167843381812523
366,489,0.6,5.5556485355648535,4,-0.1498671875,6.945588988618907
367,489,0.6,5.594979079497907,4,-0.13565234375000002,10.592774894763807
368,489,0.6,5.634309623430962,4,-0.14009765624999998,9.45221497138022
369,489,0.6,5.673640167364017,4,-0.13537500000000002,10.663934608788615
370,489,0.6,5.7129707112970705,4,-0.12993749999999998,12.059065903472248
371,489,0.6,5.752301255230125,4,-0.10527343750000001,18.387269204213904
372,489,0.6,5.79163179916318,4,-0.11867578125,14.948551192676904
373,489,0.6,5.830962343096234,4,-0.11223828125000002,16.600258357647167
374,489,0.6,5.870292887029288,4,-0.10587890625000002,18.23192053275129
375,489,0.6,5.909623430962343,4,-0.10010546874999998,19.71324528385934
376,489,0.6,5.948953974895397,4,-0.09440234375,21.176529544087845
377,489,0.6,5.9882845188284515,4,-0.08853125,22.68291053252857
378,489,0.6,6.027615062761506,4,-0.08234375,24.27047372992718
379,489,0.6,6.06694560669456,4,-0.06998437499999999,27.441591126751163
380,489,0.6,6.106276150627615,4,-0.07186328125000002,26.95950912047039
381,489,0.6,6.145606694560669,4,-0.06559375,28.56811955722845
382,489,0.6,6.184937238493723,4,-0.06037109374999999,29.90812712978018
383,489,0.6,6.224267782426778,4,-0.05446875000000001,31.422526114167358
384,489,0.6,6.2635983263598325,4,-0.049484375000000025,32.70139646762734
385,489,0.6,6.302928870292886,4,-0.04342578125000002,34.25588543174681
386,489,0.6,6.342259414225941,4,-0.03792578125000001,35.66705271832335
387,489,0.6,6.381589958158996,4,-0.03493359374999999,36.43477583019667
388,489,0.6,6.4209205020920495,4,-0.026746093749999977,38.535490768168565
389,489,0.6,6.460251046025104,4,-0.022085937499999986,39.73117441368406
390,489,0.6,6.499581589958159,4,-0.016742187500000005,41.1022517205283
391,489,0.6,6.538912133891213,4,-0.023710937499999973,39.31423862446827
392,489,0.6,6.578242677824267,4,-0.007187500000000013,43.55375398115771
393,489,0.6,6.617573221757322,4,-0.001886718750000016,44.91380654357558
394,489,0.6,6.656903765690376,4,0.0021992187500000002,45.96215951357492
395,489,0.6,6.6962343096234305,4,0.0070546875,47.207955633755766
396,489,0.6,6.735564853556485,4,0.01111328125,48.249292857301946
397,489,0.6,6.774895397489539,4,0.01559765625,49.39987527561862
398,489,0.6,6.814225941422594,4,0.02002734375,50.53642620102899
399,489,0.6,6.853556485355648,4,0.02414453125,51.59279716697477
400,489,0.6,6.892887029288703,4,0.028296875,52.65818837836032
401,489,0.6,6.932217573221757,4,0.032746093750000003,53.79975055123723
402,489,0.6,6.9715481171548115,4,0.0362421875,54.69676384774717
403,489,0.6,7.010878661087866,4,0.04006640625,55.67796610169492
404,489,0.6,7.05020920502092,4,0.044726562500000004,56.873649747210415
405,489,0.6,7.089539748953975,4,0.04846484375,57.8328025123054
406,489,0.6,7.128870292887029,4,0.0518359375,58.69774382502951
407,489,0.6,7.168200836820083,4,0.0555546875,59.65188534265797
408,489,0.6,7.207531380753138,4,0.05868359375,60.45468718679704
409,489,0.6,7.2468619246861925,4,0.06239453125,61.40682420543888
410,489,0.6,7.286192468619246,4,0.06590625,62.30784649992205
411,489,0.6,7.325523012552301,4,0.046054687500000004,57.21441457493486
412,489,0.6,7.364853556485356,4,0.07221484375000001,63.92647943161318
413,489,0.6,7.4041841004184095,4,0.07500390625,64.64208556983453
414,489,0.6,7.443514644351464,4,0.07803125,65.4188289271476
415,489,0.6,7.482845188284519,4,0.08146484375,66.29980623176463
416,489,0.6,7.522175732217573,4,0.084578125,67.09859907793047
417,489,0.6,7.561506276150627,4,0.08757421875,67.8673244392971
418,489,0.6,7.600836820083682,4,0.09025,68.55386534221253
419,489,0.6,7.640167364016736,4,0.092703125,69.18327802400945
420,489,0.6,7.6794979079497905,4,0.0952734375,69.8427581906056
421,489,0.6,7.718828451882845,4,0.09794921875,70.52929909352102
422,489,0.6,7.758158995815899,4,0.10027734375,71.12663979153211
423,489,0.6,7.797489539748954,4,0.1028125,71.7770997126885
424,489,0.6,7.836820083682008,4,0.10530859375,72.41753713891178
425,489,0.6,7.876150627615062,4,0.10703515625,72.86053141495357
426,489,0.6,7.915481171548117,4,0.10941796875,73.47190360587095
427,489,0.6,7.9548117154811715,4,0.1111484375,73.91590013140605
428,489,0.6,7.994142259414225,4,0.11371484375,74.57437804850889
429,489,0.6,8.03347280334728,4,0.114765625,74.84398316220852
430,489,0.6,8.072803347280335,4,0.11701953125,75.42228111984679
431,489,0.6,8.11213389121339,4,0.103390625,71.92543263769795
432,489,0.6,8.151464435146444,4,0.1202578125,76.25314594979844
433,489,0.6,8.190794979079499,4,0.1225,76.82843715895677
434,489,0.6,8.230125523012552,4,0.1235390625,77.0950355241765
435,489,0.6,8.269456066945606,4,0.125,77.46987683467339
436,489,0.6,8.308786610878661,4,0.1278828125,78.2095369607341
437,489,0.6,8.348117154811716,4,0.1285234375,78.37390587763647
438,489,0.6,8.38744769874477,4,0.13046875,78.87302612530345
439,489,0.6,8.426778242677825,4,0.13196093750000001,79.2558854317468
440,489,0.6,8.466108786610878,4,0.1338515625,79.7409741865075
441,489,0.6,8.505439330543933,4,0.1349453125,80.02160404463352
442,489,0.6,8.544769874476987,4,0.13647265625,80.41348359651663
443,489,0.6,8.584100418410042,4,0.13716015625,80.5898795073387
444,489,0.6,8.623430962343097,4,0.13952734375,81.19724270028287
445,489,0.6,8.66276150627615,4,0.1404296875,81.42876233323683
446,489,0.6,8.702092050209204,4,0.14173046875,81.76251141450813
447,489,0.6,8.741422594142259,4,0.14235546875,81.92287133343727
448,489,0.6,8.780753138075314,4,0.14416796875000001,82.38791509833182
449,489,0.6,8.820083682008368,4,0.14501953125,82.60640548787279
450,489,0.6,8.859414225941423,4,0.1459765625,82.85195661373304
451,489,0.6,8.898744769874476,4,0.146734375,83.04639301543466
452,489,0.6,8.93807531380753,4,0.147890625,83.34305886545357
453,489,0.6,8.977405857740585,4,0.14833984375,83.45831755718392
454,489,0.6,9.01673640167364,4,0.15018359375,83.93137931802491
455,489,0.6,9.056066945606695,4,0.13472265625,79.964475823515
456,489,0.6,9.09539748953975,4,0.15172265625,84.32626561838794
457,489,0.6,9.134728033472802,4,0.15256640625,84.5427515089423
458,489,0.6,9.174058577405857,4,0.15247265625,84.51869752110292
459,489,0.6,9.213389121338912,4,0.10584375,72.55484531949487
460,489,0.6,9.252719665271966,4,0.154609375,85.06692799394196
461,489,0.6,9.292050209205021,4,0.15478515625,85.11202922114079
462,489,0.6,9.331380753138076,4,0.15591015625000001,85.40067707521325
463,489,0.6,9.370711297071129,4,0.107171875,72.89561014721932
464,489,0.6,9.410041841004183,4,0.15726953125,85.74945989888418
465,489,0.6,9.449372384937238,4,0.157578125,85.82863760885544
466,489,0.6,9.488702928870293,4,0.15837890625,86.03409875498342
467,489,0.6,9.528033472803347,4,0.15875,86.1293124568476
468,489,0.6,9.567364016736402,4,0.15943359375,86.30470611817636
469,489,0.6,9.606694560669455,4,0.159796875,86.39791532105393
470,489,0.6,9.64602510460251,4,0.16002734375,86.45704804115906
471,489,0.6,9.685355648535564,4,0.16089453125,86.67954742867326
472,489,0.6,9.724686192468619,4,0.16107812500000002,86.7266531548587
473,489,0.6,9.764016736401674,4,0.16198046875,86.95817278781264
474,489,0.6,9.803347280334728,4,0.16210546875,86.9902447715985
475,489,0.6,9.842677824267781,4,0.13176171875,79.20477070758815
476,489,0.6,9.882008368200836,4,0.1061640625,72.63702977794605
477,489,0.6,9.92133891213389,4,0.16354296875,87.35907258513554
478,489,0.6,9.960669456066945,4,0.16283984375,87.17866767634024
479,489,0.6,10.0,4,0.16357421875,87.367090581082
480,489,0.6,0.6,4,-0.10684375000000002,17.98436490790441
481,489,0.6393305439330543,0.6393305439330543,4,-0.10624218750000003,18.138711329873715
482,489,0.6786610878661088,0.6786610878661088,4,-0.10648828124999998,18.075569611795373
483,489,0.7179916317991631,0.7179916317991631,4,-0.10639453124999998,18.099623599634747
484,489,0.7573221757322175,0.7573221757322175,4,-0.10642968749999998,18.090603354194982
485,489,0.796652719665272,0.796652719665272,4,-0.10653515624999998,18.063542617875687
486,489,0.8359832635983263,0.8359832635983263,4,-0.10591406250000002,18.222900287311525
487,489,0.8753138075313807,0.8753138075313807,4,-0.10638281249999998,18.10263034811467
488,489,0.9146443514644351,0.9146443514644351,4,-0.10594140624999998,18.215884540858383
489,489,0.9539748953974896,0.9539748953974896,4,-0.1060390625,18.190828303525695
490,489,0.9933054393305439,0.9933054393305439,4,-0.10638281249999998,18.10263034811467
491,489,1.0326359832635983,1.0326359832635983,4,-0.10640234375000002,18.097619100648124
492,489,1.0719665271966528,1.0719665271966528,4,-0.10667968750000001,18.026459386623316
493,489,1.111297071129707,1.111297071129707,4,-0.10659765625,18.047506625982766
494,489,1.1506276150627615,1.1506276150627615,4,-0.10678906249999998,17.99839640081072
495,489,1.189958158995816,1.189958158995816,4,-0.106609375,18.044499877502844
496,489,1.2292887029288702,1.2292887029288702,4,-0.10676562499999998,18.004409897770564
497,489,1.2686192468619246,1.2686192468619246,4,-0.10628125,18.128688834940654
498,489,1.307949790794979,1.307949790794979,4,-0.10671875000000003,18.016436891690237
499,489,1.3472803347280333,1.3472803347280333,4,-0.10640234375000002,18.097619100648124
500,489,1.386610878661088,1.386610878661088,4,-0.10671093749999999,18.018441390676863
501,489,1.4259414225941422,1.4259414225941422,4,-0.10644921875000002,18.085592106728438
502,489,1.4652719665271965,1.4652719665271965,4,-0.1065625,18.05652687142253
503,489,1.5046025104602512,1.5046025104602512,4,-0.10592578125000002,18.219893538831602
504,489,1.5439330543933054,1.5439330543933054,4,-0.10647265625000002,18.079578609768593
505,489,1.5832635983263597,1.5832635983263597,4,-0.1058046875,18.250963273124132
506,489,1.6225941422594143,1.6225941422594143,4,-0.10607421875,18.18180805808593
507,489,1.6619246861924686,1.6619246861924686,4,-0.10581249999999998,18.24895877413752
508,489,1.7012552301255228,1.7012552301255228,4,-0.10606640625000002,18.183812557072542
509,489,1.7405857740585775,1.7405857740585775,4,-0.10585937499999998,18.236931780217834
510,489,1.7799163179916317,1.7799163179916317,4,-0.10605078125,18.187821555045776
511,489,1.819246861924686,1.819246861924686,4,-0.10547656249999998,18.33515223056194
512,489,1.8585774058577407,1.8585774058577407,4,-0.10614453125000001,18.163767567206403
513,489,1.897907949790795,1.897907949790795,4,-0.10578515625000001,18.255974520590662
514,489,1.9372384937238492,1.9372384937238492,4,-0.10612109375,18.169781064166244
515,489,1.9765690376569038,1.9765690376569038,4,-0.10537890625000002,18.36020846789461
516,489,2.015899581589958,2.015899581589958,4,-0.10611328125000002,18.171785563152856
517,489,2.0552301255230123,2.0552301255230123,4,-0.10566406249999999,18.28704425488319
518,489,2.094560669456067,2.094560669456067,4,-0.10542968749999998,18.347179224481625
519,489,2.1338912133891212,2.1338912133891212,4,-0.10514453125,18.420343437493045
520,489,2.173221757322176,2.173221757322176,4,-0.10508203124999999,18.436379429385966
521,489,2.21255230125523,2.21255230125523,4,-0.10533984375,18.370230962827687
522,489,2.2518828451882844,2.2518828451882844,4,-0.10510546874999999,18.43036593242612
523,489,2.291213389121339,2.291213389121339,4,-0.10519531250000003,18.407314194080044
524,489,2.3305439330543933,2.3305439330543933,4,-0.10476171875000001,18.51856388783715
525,489,2.3698744769874476,2.3698744769874476,4,-0.10456640625000002,18.568676362502508
526,489,2.4092050209205023,2.4092050209205023,4,-0.10421875000000003,18.657876567406845
527,489,2.4485355648535565,2.4485355648535565,4,-0.10354296875000002,18.831265729748992
528,489,2.4878661087866107,2.4878661087866107,4,-0.10316796875,18.92748168110649
529,489,2.5271966527196654,2.5271966527196654,4,-0.10219921874999999,19.17603955544668
530,489,2.5665271966527197,2.5665271966527197,4,-0.10148828124999998,19.358448963228593
531,489,2.6058577405857744,2.6058577405857744,4,-0.10000781250000002,19.73830152119201
532,489,2.6451882845188286,2.6451882845188286,4,-0.09877734375000002,20.05401011158378
533,489,2.684518828451883,2.684518828451883,4,-0.09684765625000002,20.549121361277535
534,489,2.7238493723849375,2.7238493723849375,4,-0.09505078125,21.010156128198854
535,489,2.7631799163179918,2.7631799163179918,4,-0.09206249999999999,21.776876990578863
536,489,2.802510460251046,2.802510460251046,4,-0.08878124999999998,22.618766564956914
537,489,2.8418410041841007,2.8418410041841007,4,-0.08405859375000002,23.83048620236531
538,489,2.881171548117155,2.881171548117155,4,-0.07866406250000002,25.214592752622554
539,489,2.920502092050209,2.920502092050209,4,-0.071859375,26.9605113699637
540,489,2.959832635983264,2.959832635983264,4,-0.06419140625000003,28.92792712532573
541,489,2.999163179916318,2.999163179916318,4,-0.055718749999999984,31.10180627630906
542,489,3.0384937238493723,3.0384937238493723,4,-0.04735937499999998,33.246620191986466
543,489,3.077824267782427,3.077824267782427,4,-0.03887499999999999,35.4235060914497
544,489,3.1171548117154813,3.1171548117154813,4,-0.030972656250000008,37.451056816410166
545,489,3.1564853556485355,3.1564853556485355,4,-0.02388671874999998,39.26913739726944
546,489,3.19581589958159,3.19581589958159,4,-0.017390624999999993,40.93587830463931
547,489,3.2351464435146444,3.2351464435146444,4,-0.04278515625000001,34.420254348649195
548,489,3.2744769874476987,3.2744769874476987,4,-0.010738281249999981,42.642709191741474
549,489,3.3138075313807533,3.3138075313807533,4,-0.010132812499999977,42.79805786320409
550,489,3.3531380753138076,3.3531380753138076,4,-0.013246093750000021,41.99926501703824
551,489,3.392468619246862,3.392468619246862,4,-0.018078125,40.75948239381724
552,489,3.4317991631799165,3.4317991631799165,4,-0.024472656250000002,39.118799973273354
553,489,3.4711297071129708,3.4711297071129708,4,-0.03391406250000001,36.696362947949844
554,489,3.510460251046025,3.510460251046025,4,-0.04554687499999999,33.71166395688101
555,489,3.5497907949790797,3.5497907949790797,4,-0.056949218749999975,30.786097685917294
556,489,3.589121338912134,3.589121338912134,4,-0.07128515624999998,27.107842045479867
557,489,3.628451882845188,3.628451882845188,4,-0.08602343750000002,23.326354707231786
558,489,3.667782426778243,3.667782426778243,4,-0.10111328125000002,19.454664914586072
559,489,3.707112970711297,3.707112970711297,4,-0.07940234374999999,25.0251675983875
560,489,3.7464435146443518,3.7464435146443518,4,-0.12516015625,13.284817033786954
561,489,3.785774058577406,3.785774058577406,4,-0.1343125,10.936546470968178
562,489,3.8251046025104602,3.8251046025104602,4,-0.14055859375000002,9.333949531169962
563,489,3.864435146443515,3.864435146443515,4,-0.07754296875,25.502238357201726
564,489,3.903765690376569,3.903765690376569,4,-0.14387890625,8.482037461858846
565,489,3.9430962343096234,3.9430962343096234,4,-0.14167968749999998,9.046303926590802
566,489,3.982426778242678,3.982426778242678,4,-0.13617578125000002,10.45847346266064
567,489,4.021757322175732,4.021757322175732,4,-0.069,27.694157999064572
568,489,4.061087866108786,4.061087866108786,4,-0.11696875000000001,15.386534221252147
569,489,4.100418410041841,4.100418410041841,4,-0.10412890624999999,18.68092830575292
570,489,4.1397489539748955,4.1397489539748955,4,-0.09219531250000002,21.74280050780641
571,489,4.179079497907949,4.179079497907949,4,-0.0390859375,35.36938461881112
572,489,4.218410041841004,4.218410041841004,4,-0.06421093750000001,28.9229158778592
573,489,4.257740585774059,4.257740585774059,4,-0.05366015624999998,31.629991759281957
574,489,4.2970711297071125,4.2970711297071125,4,-0.041824218749999975,34.66680772400277
575,489,4.336401673640167,4.336401673640167,4,-0.00961328125000005,42.93135704581393
576,489,4.375732217573222,4.375732217573222,4,-0.023507812500000003,39.36635559812023
577,489,4.415062761506276,4.415062761506276,4,-0.018351562499999974,40.689324929285746
578,489,4.45439330543933,4.45439330543933,4,-0.013753906250000003,41.86897258290831
579,489,4.493723849372385,4.493723849372385,4,0.0032226562500000003,46.22474888082141
580,489,4.533054393305439,4.533054393305439,4,-0.01265624999999998,42.150604690527636
581,489,4.5723849372384935,4.5723849372384935,4,-0.015671875000000002,41.376868081694475
582,489,4.611715481171548,4.611715481171548,4,-0.019343749999999993,40.43475355798571
583,489,4.651046025104602,4.651046025104602,4,-0.02594140625000002,38.74195416378984
584,489,4.690376569037657,4.690376569037657,4,-0.0327734375,36.98901979999555
585,489,4.729707112970711,4.729707112970711,4,-0.041937500000000016,34.63774248869685
586,489,4.769037656903765,4.769037656903765,4,-0.05269140625000002,31.878549633622132
587,489,4.80836820083682,4.80836820083682,4,-0.062167968750000024,29.44709236285886
588,489,4.8476987447698745,4.8476987447698745,4,-0.07397265624999999,26.41829439408451
589,489,4.887029288702928,4.887029288702928,4,-0.08533203125,23.503752867547167
590,489,4.926359832635983,4.926359832635983,4,-0.09758984375000002,20.358693957549168
591,489,4.965690376569038,4.965690376569038,4,-0.10696093750000002,17.954297423105192
592,489,5.0050209205020915,5.0050209205020915,4,-0.11791406250000003,15.1439898438718
593,489,5.044351464435146,5.044351464435146,4,-0.12651171875,12.938038709102658
594,489,5.083682008368201,5.083682008368201,4,-0.13606640625,10.486536448473247
595,489,5.123012552301255,5.123012552301255,4,-0.12413281250000002,13.548408650526738
596,489,5.162343096234309,5.162343096234309,4,-0.14876171875,7.229225595224846
597,489,5.201673640167364,5.201673640167364,4,-0.15397656250000002,5.891222521659725
598,489,5.241004184100418,5.241004184100418,4,-0.15731640624999998,5.034299204882079
599,489,5.2803347280334725,5.2803347280334725,4,-0.1595078125,4.472037239136732
600,489,5.319665271966527,5.319665271966527,4,-0.15968359375000002,4.426936011937906
601,489,5.358995815899581,5.358995815899581,4,-0.15915234374999998,4.563241943027696
602,489,5.398326359832636,5.398326359832636,4,-0.15687109375000002,5.14855564711909
603,489,5.43765690376569,5.43765690376569,4,-0.11678515625000002,15.433639947437582
604,489,5.476987447698744,5.476987447698744,4,-0.14944531249999998,7.053831933896089
605,489,5.516317991631799,5.516317991631799,4,-0.14383203125,8.494064455778533
606,489,5.5556485355648535,5.5556485355648535,4,-0.13822656249999998,9.932292478674368
607,489,5.594979079497907,5.594979079497907,4,-0.13188671875000002,11.558943406311945
608,489,5.634309623430962,5.634309623430962,4,-0.12422656250000003,13.524354662687365
609,489,5.673640167364017,5.673640167364017,4,-0.11771484375000002,15.19510456803047
610,489,5.7129707112970705,5.7129707112970705,4,-0.10942578125000002,17.321877992828348
611,489,5.752301255230125,5.752301255230125,4,-0.10073828125,19.55088086594357
612,489,5.79163179916318,5.79163179916318,4,-0.09407031249999998,21.261720751018967
613,489,5.830962343096234,5.830962343096234,4,-0.08511328125,23.55987883917237
614,489,5.870292887029288,5.870292887029288,4,-0.07739843750000003,25.539321588454087
615,489,5.909623430962343,5.909623430962343,4,-0.06894921874999999,27.70718724247757
616,489,5.948953974895397,5.948953974895397,4,-0.062343749999999976,29.40199113566005
617,489,5.9882845188284515,5.9882845188284515,4,-0.054820312500000024,31.332323659769706
618,489,6.027615062761506,6.027615062761506,4,-0.04775390624999998,33.145392993162446
619,489,6.06694560669456,6.06694560669456,4,-0.0419453125,34.63573798971024
620,489,6.106276150627615,6.106276150627615,4,-0.03651171874999998,36.02986703490057
621,489,6.145606694560669,6.145606694560669,4,-0.030636718750000014,37.537250272834584
622,489,6.184937238493723,6.184937238493723,4,-0.025789062500000015,38.781041894028824
623,489,6.224267782426778,6.224267782426778,4,-0.020554687500000002,40.12405621506048
624,489,6.2635983263598325,6.2635983263598325,4,-0.016570312500000017,41.14635069823382
625,489,6.302928870292886,6.302928870292886,4,-0.012203124999999981,42.26686563175127
626,489,6.342259414225941,6.342259414225941,4,-0.008265625000000054,43.277133121004915
627,489,6.381589958158996,6.381589958158996,4,-0.0049101562500000195,44.138065435755806
628,489,6.4209205020920495,6.4209205020920495,4,-0.002042968749999985,44.8737165638433
629,489,6.460251046025104,6.460251046025104,4,0.00011328125,45.426958284148874
630,489,6.499581589958159,6.499581589958159,4,0.00201171875,45.91405153789617
631,489,6.538912133891213,6.538912133891213,4,0.00351953125,46.30091984231276
632,489,6.578242677824267,6.578242677824267,4,0.00462890625,46.585558698412
633,489,6.617573221757322,6.617573221757322,4,0.0054843750000000005,46.80505133744628
634,489,6.656903765690376,6.656903765690376,4,0.00608203125,46.958395509922276
635,489,6.6962343096234305,6.6962343096234305,4,0.00602734375,46.94436401701597
636,489,6.735564853556485,6.735564853556485,4,0.00609375,46.9614022584022
637,489,6.774895397489539,6.774895397489539,4,0.005671875,46.85315931312502
638,489,6.814225941422594,6.814225941422594,4,0.004859375,46.64469141851712
639,489,6.853556485355648,6.853556485355648,4,0.00375,46.36005256241788
640,489,6.892887029288703,6.892887029288703,4,0.0026796875,46.0854362012517
641,489,6.932217573221757,6.932217573221757,4,0.00109375,45.67852290696898
642,489,6.9715481171548115,6.9715481171548115,4,-0.00037890625000003286,45.300674847992155
643,489,7.010878661087866,7.010878661087866,4,-0.0014179687499999982,45.03407648277245
644,489,7.05020920502092,7.05020920502092,4,-0.004320312499999979,44.28940510924521
645,489,7.089539748953975,7.089539748953975,4,-0.006496093750000043,43.73115214147308
646,489,7.128870292887029,7.128870292887029,4,-0.008644531249999976,43.17991492015413
647,489,7.168200836820083,7.168200836820083,4,-0.011253906250000001,42.51041225862492
648,489,7.207531380753138,7.207531380753138,4,-0.013503906249999975,41.93311655047998
649,489,7.2468619246861925,7.2468619246861925,4,-0.016328125000000027,41.20849016681886
650,489,7.286192468619246,7.286192468619246,4,-0.019328124999999974,40.438762555958945
651,489,7.325523012552301,7.325523012552301,4,-0.011093750000000013,42.55150448785051
652,489,7.364853556485356,7.364853556485356,4,-0.024808593749999996,39.03260651684894
653,489,7.4041841004184095,7.4041841004184095,4,-0.027957031249999986,38.224793425243334
654,489,7.443514644351464,7.443514644351464,4,-0.030859375000000022,37.48012205171607
655,489,7.482845188284519,7.482845188284519,4,-0.03391406250000001,36.696362947949844
656,489,7.522175732217573,7.522175732217573,4,-0.03711328125000002,35.87552061293125
657,489,7.561506276150627,7.561506276150627,4,-0.04008203124999998,35.11381099801778
658,489,7.600836820083682,7.600836820083682,4,-0.04343750000000002,34.25287868326689
659,489,7.640167364016736,7.640167364016736,4,-0.04641015625,33.49016681886011
660,489,7.6794979079497905,7.6794979079497905,4,-0.04954296875000003,32.68636272522773
661,489,7.718828451882845,7.718828451882845,4,-0.05300781249999997,31.79736742466426
662,489,7.758158995815899,7.758158995815899,4,-0.05575000000000002,31.093788280362592
663,489,7.797489539748954,7.797489539748954,4,-0.037394531249999974,35.80335864941314
664,489,7.836820083682008,7.836820083682008,4,-0.06248437499999998,29.365910153900987
665,489,7.876150627615062,7.876150627615062,4,-0.06492187500000002,28.740506470077285
666,489,7.915481171548117,7.915481171548117,4,-0.06823437500000001,27.89059889975278
667,489,7.9548117154811715,7.9548117154811715,4,-0.07201562500000003,26.920421390231407
668,489,7.994142259414225,7.994142259414225,4,-0.07456640625,26.265952471101812
669,489,8.03347280334728,8.03347280334728,4,-0.076625,25.737766988128918
670,489,8.072803347280335,8.072803347280335,4,-0.07973828124999999,24.938974141963083
671,489,8.11213389121339,8.11213389121339,4,-0.08287890625,24.133165549344092
672,489,8.151464435146444,8.151464435146444,4,-0.08560546875000002,23.43359540301566
673,489,8.190794979079499,8.190794979079499,4,-0.08858593749999999,22.668879039622272
674,489,8.230125523012552,8.230125523012552,4,-0.09121093749999998,21.995367380119838
675,489,8.269456066945606,8.269456066945606,4,-0.09425390625000002,21.214615024833517
676,489,8.308786610878661,8.308786610878661,4,-0.09765234374999998,20.34265796565626
677,489,8.348117154811716,8.348117154811716,4,-0.09968749999999998,19.82048597964321
678,489,8.38744769874477,8.38744769874477,4,-0.10279296874999999,19.023697632463982
679,489,8.426778242677825,8.426778242677825,4,-0.10518749999999999,18.40931869306667
680,489,8.466108786610878,8.466108786610878,4,-0.10774218749999998,17.753847524443763
681,489,8.505439330543933,8.505439330543933,4,-0.11001953125000002,17.169536069845652
682,489,8.544769874476987,8.544769874476987,4,-0.11272656250000002,16.474977170983767
683,489,8.584100418410042,8.584100418410042,4,-0.11485546875000002,15.928751197131339
684,489,8.623430962343097,8.623430962343097,4,-0.11740234375000003,15.275284527495044
685,489,8.66276150627615,8.66276150627615,4,-0.11996875000000001,14.616806610392217
686,489,8.702092050209204,8.702092050209204,4,-0.12134765624999999,14.263012539254781
687,489,8.741422594142259,8.741422594142259,4,-0.12372265625000001,13.653644847323998
688,489,8.780753138075314,8.780753138075314,4,-0.12610937500000002,13.041270406913295
689,489,8.820083682008368,8.820083682008368,4,-0.12792187500000002,12.576226642018755
690,489,8.859414225941423,8.859414225941423,4,-0.12976953125000001,12.10216263168445
691,489,8.898744769874476,8.898744769874476,4,-0.08787890625,22.850286197910872
692,489,8.93807531380753,8.93807531380753,4,-0.13395703125000002,11.027751174859128
693,489,8.977405857740585,8.977405857740585,4,-0.13637109375,10.408360987995284
694,489,9.01673640167364,9.01673640167364,4,-0.138359375,9.898215995901918
695,489,9.056066945606695,9.056066945606695,4,-0.1403203125,9.395086750261708
696,489,9.09539748953975,9.09539748953975,4,-0.14187890625,8.995189202432133
697,489,9.134728033472802,9.134728033472802,4,-0.14359765624999998,8.554199425376968
698,489,9.174058577405857,9.174058577405857,4,-0.1453359375,8.108198400855256
699,489,9.213389121338912,9.213389121338912,4,-0.14634375,7.849618031582003
700,489,9.252719665271966,9.252719665271966,4,-0.14814453125,7.387581015167385
701,489,9.292050209205021,9.292050209205021,4,-0.14934375,7.079890420722072
702,489,9.331380753138076,9.331380753138076,4,-0.15091796875000002,6.675983874919265
703,489,9.370711297071129,9.370711297071129,4,-0.15270703125,6.216953606984569
704,489,9.410041841004183,9.410041841004183,4,-0.15366015625,5.972404730617612
705,489,9.449372384937238,9.449372384937238,4,-0.15557421875,5.4813024788970885
706,489,9.488702928870293,9.488702928870293,4,-0.15656640625,5.226731107597055
707,489,9.528033472803347,9.528033472803347,4,-0.157578125,4.967148488830489
708,489,9.567364016736402,9.567364016736402,4,-0.15896875,4.610347669213131
709,489,9.606694560669455,9.606694560669455,4,-0.15975781249999998,4.4078932715650785
710,489,9.64602510460251,9.64602510460251,4,-0.16059765625,4.192409630504027
711,489,9.685355648535564,9.685355648535564,4,-0.16088671875,4.118243167999296
712,489,9.724686192468619,9.724686192468619,4,-0.16237890625,3.7353838615559405
713,489,9.764016736401674,9.764016736401674,4,-0.163390625,3.475801242789375
714,489,9.803347280334728,9.803347280334728,4,-0.16353125000000002,3.4397202610303146
715,489,9.842677824267781,9.842677824267781,4,-0.1649140625,3.0849239403995665
716,489,9.882008368200836,9.882008368200836,4,-0.16517578125,3.017773224347991
717,489,9.92133891213389,9.92133891213389,4,-0.165796875,2.85841555491214
718,489,9.960669456066945,9.960669456066945,4,-0.16701953125000002,2.544711463506984
719,489,10.0,10.0,4,-0.1677734375,2.351277311298696
720,489,0.6,10.0,4,0.1675859375,88.39640081070849
721,489,0.6393305439330543,9.960669456066945,4,0.16687109375,88.21298915343327
722,489,0.6786610878661088,9.92133891213389,4,0.16711718750000001,88.27613087151161
723,489,0.7179916317991631,9.882008368200836,4,0.1664296875,88.09973496068956
724,489,0.7573221757322175,9.842677824267781,4,0.16618359375,88.03659324261119
725,489,0.796652719665272,9.803347280334728,4,0.16605078125,88.00251675983876
726,489,0.8359832635983263,9.764016736401674,4,0.16550390625,87.86220183077575
727,489,0.8753138075313807,9.724686192468619,4,0.16529296875,87.80808035813716
728,489,0.9146443514644351,9.685355648535564,4,0.16458203125,87.62567095035524
729,489,0.9539748953974896,9.64602510460251,4,0.16425390625,87.54148199291744
730,489,0.9933054393305439,9.606694560669455,4,0.1631171875,87.24982739036504
731,489,1.0326359832635983,9.567364016736402,4,0.16310546875,87.24682064188514
732,489,1.0719665271966528,9.528033472803347,4,0.16280078125,87.16864518140717
733,489,1.111297071129707,9.488702928870293,4,0.16185546875,86.92610080402682
734,489,1.1506276150627615,9.449372384937238,4,0.16154296875000002,86.84592084456224
735,489,1.189958158995816,9.410041841004183,4,0.16103515625,86.71562841043232
736,489,1.2292887029288702,9.370711297071129,4,0.1603984375,86.55226174302324
737,489,1.2686192468619246,9.331380753138076,4,0.1596484375,86.35982984030824
738,489,1.307949790794979,9.292050209205021,4,0.15916015625,86.23454865364484
739,489,1.3472803347280333,9.252719665271966,4,0.15758203125,85.82963985834874
740,489,1.386610878661088,9.213389121338912,4,0.1573046875,85.75848014432393
741,489,1.4259414225941422,9.174058577405857,4,0.15605078125,85.43675805697232
742,489,1.4652719665271965,9.134728033472802,4,0.15566796875,85.33853760662821
743,489,1.5046025104602512,9.09539748953975,4,0.154390625,85.01080202231677
744,489,1.5439330543933054,9.056066945606695,4,0.153671875,84.82638811554824
745,489,1.5832635983263597,9.01673640167364,4,0.152484375,84.52170426958284
746,489,1.6225941422594143,8.977405857740585,4,0.1515234375,84.27515089422928
747,489,1.6619246861924686,8.93807531380753,4,0.1499375,83.86823759994655
748,489,1.7012552301255228,8.898744769874476,4,0.1494453125,83.74195416378984
749,489,1.7405857740585775,8.859414225941423,4,0.14751953125,83.24784516358939
750,489,1.7799163179916317,8.820083682008368,4,0.14696875,83.10652798503308
751,489,1.819246861924686,8.780753138075314,4,0.1453046875,82.6795697008842
752,489,1.8585774058577407,8.741422594142259,4,0.144859375,82.5653132586472
753,489,1.897907949790795,8.702092050209204,4,0.1431171875,82.11830998463218
754,489,1.9372384937238492,8.66276150627615,4,0.14198046875,81.82665538207978
755,489,1.9765690376569038,8.623430962343097,4,0.14059375,81.47085681195573
756,489,2.015899581589958,8.584100418410042,4,0.09230859375,69.08205082518542
757,489,2.0552301255230123,8.544769874476987,4,0.13680078125,80.49767255395443
758,489,2.094560669456067,8.505439330543933,4,0.1360390625,80.30223390275954
759,489,2.1338912133891212,8.466108786610878,4,0.13430859375,79.85823737722444
760,489,2.173221757322176,8.426778242677825,4,0.13237890625,79.36312612753068
761,489,2.21255230125523,8.38744769874477,4,0.13048828125,78.87803737277
762,489,2.2518828451882844,8.348117154811716,4,0.12857812500000002,78.38793737054279
763,489,2.291213389121339,8.308786610878661,4,0.12640625,77.83068665226398
764,489,2.3305439330543933,8.269456066945606,4,0.12374609375000001,77.14815474732177
765,489,2.3698744769874476,8.230125523012552,4,0.122,76.70014922381345
766,489,2.4092050209205023,8.190794979079499,4,0.12031640625000001,76.26817969219805
767,489,2.4485355648535565,8.151464435146444,4,0.11755859375,75.56059154992316
768,489,2.4878661087866107,8.11213389121339,4,0.11508984375,74.92716987015302
769,489,2.5271966527196654,8.072803347280335,4,0.112671875,74.30677743379587
770,489,2.5665271966527197,8.03347280334728,4,0.1097734375,73.56310830976192
771,489,2.6058577405857744,7.994142259414225,4,0.07002343750000001,63.364217465867846
772,489,2.6451882845188286,7.9548117154811715,4,0.1034140625,71.93144613465779
773,489,2.684518828451883,7.915481171548117,4,0.1003046875,71.13365553798526
774,489,2.7238493723849375,7.876150627615062,4,0.09619921875,70.0802913205194
775,489,2.7631799163179918,7.836820083682008,4,0.09181640625,68.95576738902871
776,489,2.802510460251046,7.797489539748954,4,0.0878046875,67.92645715940222
777,489,2.8418410041841007,7.758158995815899,4,0.082265625,66.50526737789261
778,489,2.881171548117155,7.718828451882845,4,0.0775703125,65.30056348693736
779,489,2.920502092050209,7.6794979079497905,4,0.07105859375,63.629813581594256
780,489,2.959832635983264,7.640167364016736,4,0.06505078125,62.08835386088777
781,489,2.999163179916318,7.600836820083682,4,0.0575625,60.16704158221788
782,489,3.0384937238493723,7.561506276150627,4,0.050078125,58.24673155304128
783,489,3.077824267782427,7.522175732217573,4,0.04207421875,56.19312234125482
784,489,3.1171548117154813,7.482845188284519,4,0.0333359375,53.95109022472661
785,489,3.1564853556485355,7.443514644351464,4,0.0244140625,51.66195238201297
786,489,3.19581589958159,7.4041841004184095,4,0.01599609375,49.50210472393595
787,489,3.2351464435146444,7.364853556485356,4,-0.0047109374999999565,44.18918015991449
788,489,3.2744769874476987,7.325523012552301,4,-0.0006914062499999707,45.2204948885276
789,489,3.3138075313807533,7.286192468619246,4,-0.008437499999999987,43.23303414329941
790,489,3.3531380753138076,7.2468619246861925,4,-0.016593750000000018,41.14033720127397
791,489,3.392468619246862,7.207531380753138,4,-0.024039062499999986,39.23004966703046
792,489,3.4317991631799165,7.168200836820083,4,-0.030035156250000028,37.69159669480389
793,489,3.4711297071129708,7.128870292887029,4,-0.035609375,36.261386667854524
794,489,3.510460251046025,7.089539748953975,4,-0.04032031250000001,35.052673778926035
795,489,3.5497907949790797,7.05020920502092,4,-0.043132812500000006,34.33105414374485
796,489,3.589121338912134,7.010878661087866,4,-0.045269531249999995,33.78282367090582
797,489,3.628451882845188,6.9715481171548115,4,-0.04592968749999998,33.6134435065369
798,489,3.667782426778243,6.932217573221757,4,-0.04562109375000001,33.692621216508165
799,489,3.707112970711297,6.892887029288703,4,-0.04338671875,34.26590792667989
800,489,3.7464435146443518,6.853556485355648,4,-0.04040624999999998,35.030624290073284
801,489,3.785774058577406,6.814225941422594,4,-0.036261718750000005,36.09401100247222
802,489,3.8251046025104602,6.774895397489539,4,-0.031378906250000005,37.34682286910622
803,489,3.864435146443515,6.735564853556485,4,-0.02519531250000001,38.93338381701152
804,489,3.903765690376569,6.6962343096234305,4,-0.019035156250000018,40.51393126795697
805,489,3.9430962343096234,6.656903765690376,4,-0.012011718750000011,42.315975856923316
806,489,3.982426778242678,6.617573221757322,4,-0.005078125000000044,44.09496870754359
807,489,4.021757322175732,6.578242677824267,4,0.0029921875,46.165616160716276
808,489,4.061087866108786,6.538912133891213,4,0.00988671875,47.934586516403485
809,489,4.100418410041841,6.499581589958159,4,0.01750390625,49.88897302835253
810,489,4.1397489539748955,6.460251046025104,4,0.024703125,51.7361188445177
811,489,4.179079497907949,6.4209205020920495,4,0.0394375,55.516603933272464
812,489,4.218410041841004,6.381589958158996,4,0.0371015625,54.91725873627475
813,489,4.257740585774059,6.342259414225941,4,0.04232421875,56.25726630882648
814,489,4.2970711297071125,6.302928870292886,4,0.04698828125,57.45395220383528
815,489,4.336401673640167,6.2635983263598325,4,0.05007421875,58.24572930354797
816,489,4.375732217573222,6.224267782426778,4,0.05103515625,58.49228267890154
817,489,4.415062761506276,6.184937238493723,4,0.05115625,58.52335241319407
818,489,4.45439330543933,6.145606694560669,4,0.050085937500000004,58.248736052027894
819,489,4.493723849372385,6.106276150627615,4,0.04727734375,57.52811866634001
820,489,4.533054393305439,6.06694560669456,4,0.04360546875,56.58600414263124
821,489,4.5723849372384935,6.027615062761506,4,0.037578125000000004,55.03953317445824
822,489,4.611715481171548,5.9882845188284515,4,0.0318203125,53.562217421323425
823,489,4.651046025104602,5.948953974895397,4,0.02355078125,51.440455243992076
824,489,4.690376569037657,5.909623430962343,4,0.01593359375,49.48606873204304
825,489,4.729707112970711,5.870292887029288,4,0.005703125,46.86117730907148
826,489,4.769037656903765,5.830962343096234,4,-0.005402343750000038,44.011781999599094
827,489,4.80836820083682,5.79163179916318,4,-0.015714843749999985,41.3658433372681
828,489,4.8476987447698745,5.752301255230125,4,-0.027878906250000002,38.24483841510947
829,489,4.887029288702928,5.7129707112970705,4,-0.04066406249999999,34.96447582351501
830,489,4.926359832635983,5.673640167364017,4,-0.053867187500000024,31.576872536136662
831,489,4.965690376569038,5.634309623430962,4,-0.04572656250000001,33.66556048018887
832,489,5.0050209205020915,5.594979079497907,4,-0.07831250000000001,25.304795207020206
833,489,5.044351464435146,5.5556485355648535,4,-0.09092187499999999,22.069533842624566
834,489,5.083682008368201,5.516317991631799,4,-0.10314453125,18.93349517806633
835,489,5.123012552301255,5.476987447698744,4,-0.11546875000000001,15.771398026682112
836,489,5.162343096234309,5.43765690376569,4,-0.12605468749999998,13.055301899819606
837,489,5.201673640167364,5.398326359832636,4,-0.136078125,10.483529699993326
838,489,5.241004184100418,5.358995815899581,4,-0.14521484375,8.139268135147786
839,489,5.2803347280334725,5.319665271966527,4,-0.15437109375000002,5.789995322835699
840,489,5.319665271966527,5.2803347280334725,4,-0.15966796875,4.430945009911141
841,489,5.358995815899581,5.241004184100418,4,-0.1653203125,2.980689993095618
842,489,5.398326359832636,5.201673640167364,4,-0.16869531250000003,2.1147464308781925
843,489,5.43765690376569,5.162343096234309,4,-0.17024609375,1.7168533820352427
844,489,5.476987447698744,5.123012552301255,4,-0.17090234375000002,1.5484754671596266
845,489,5.516317991631799,5.083682008368201,4,-0.16896484374999998,2.0455912158400076
846,489,5.5556485355648535,5.044351464435146,4,-0.16648828124999998,2.681017394596773
847,489,5.594979079497907,5.0050209205020915,4,-0.1339609375,11.02674892536583
848,489,5.634309623430962,4.965690376569038,4,-0.15910156250000002,4.57627118644068
849,489,5.673640167364017,4.926359832635983,4,-0.15662109375,5.212699614690758
850,489,5.7129707112970705,4.887029288702928,4,-0.14682812499999998,7.725339094411915
851,489,5.752301255230125,4.8476987447698745,4,-0.09519140625,20.974075146439795
852,489,5.79163179916318,4.80836820083682,4,-0.12719140625000003,12.763647297267198
853,489,5.830962343096234,4.769037656903765,4,-0.11555859375,15.748346288336052
854,489,5.870292887029288,4.729707112970711,4,-0.10283984374999999,19.011670638544295
855,489,5.909623430962343,4.690376569037657,4,-0.08994140625000002,22.321098465444663
856,489,5.948953974895397,4.651046025104602,4,-0.07933203124999999,25.04320808926703
857,489,5.9882845188284515,4.611715481171548,4,-0.06651953124999999,28.33058642731465
858,489,6.027615062761506,4.5723849372384935,4,-0.05587890625000003,31.060714047083454
859,489,6.06694560669456,4.533054393305439,4,-0.04397656249999998,34.114568253190505
860,489,6.106276150627615,4.493723849372385,4,-0.03303125000000001,36.92287133343727
861,489,6.145606694560669,4.45439330543933,4,-0.023496093750000002,39.369362346600155
862,489,6.184937238493723,4.415062761506276,4,-0.013070312500000014,42.04436624423707
863,489,6.224267782426778,4.375732217573222,4,-0.006218750000000051,43.80231185549789
864,489,6.2635983263598325,4.336401673640167,4,0.0037343750000000003,46.356043564444654
865,489,6.302928870292886,4.2970711297071125,4,0.0111640625,48.26232210071494
866,489,6.342259414225941,4.257740585774059,4,0.01742578125,49.86892803848639
867,489,6.381589958158996,4.218410041841004,4,0.00891015625,47.68402414307669
868,489,6.4209205020920495,4.179079497907949,4,0.02020703125,50.58252967772111
869,489,6.460251046025104,4.1397489539748955,4,0.0285625,52.72634134390521
870,489,6.499581589958159,4.100418410041841,4,0.02955078125,52.97991046571193
871,489,6.538912133891213,4.061087866108786,4,0.029292968750000002,52.913761999153664
872,489,6.578242677824267,4.021757322175732,4,0.02949609375,52.96587897280564
873,489,6.617573221757322,3.982426778242678,4,0.02694140625,52.310407804182724
874,489,6.656903765690376,3.9430962343096234,4,0.023984375000000002,51.55170493774918
875,489,6.6962343096234305,3.903765690376569,4,0.02003125,50.53742845052229
876,489,6.735564853556485,3.864435146443515,4,0.0166328125,49.66547139134503
877,489,6.774895397489539,3.8251046025104602,4,0.01201171875,48.47981024076261
878,489,6.814225941422594,3.785774058577406,4,0.00731640625,47.27510634980735
879,489,6.853556485355648,3.7464435146443518,4,0.0024921875,46.037328225572956
880,489,6.892887029288703,3.707112970711297,4,-0.001796875000000031,44.936858281921644
881,489,6.932217573221757,3.667782426778243,4,-0.006394531250000002,43.75721062829908
882,489,6.9715481171548115,3.628451882845188,4,-0.010445312500000026,42.717877903739506
883,489,7.010878661087866,3.589121338912134,4,-0.013382812500000008,41.964186284772495
884,489,7.05020920502092,3.5497907949790797,4,-0.016249999999999987,41.22853515668501
885,489,7.089539748953975,3.510460251046025,4,-0.018679687499999986,40.605135971847936
886,489,7.128870292887029,3.4711297071129708,4,-0.019222656250000025,40.46582329227822
887,489,7.168200836820083,3.4317991631799165,4,-0.008312499999999945,43.265106127085254
888,489,7.207531380753138,3.392468619246862,4,-0.019125000000000003,40.49087952961091
889,489,7.2468619246861925,3.3531380753138076,4,-0.01701562499999998,41.0320942559968
890,489,7.286192468619246,3.3138075313807533,4,-0.015503906249999977,41.41996480990669
891,489,7.325523012552301,3.2744769874476987,4,-0.012109374999999978,42.290919619590646
892,489,7.364853556485356,3.2351464435146444,4,-0.00766015625000005,43.432481792467534
893,489,7.4041841004184095,3.19581589958159,4,-0.003695312499999992,44.449765028174355
894,489,7.443514644351464,3.1564853556485355,4,0.001734375,45.84289182387136
895,489,7.482845188284519,3.1171548117154813,4,0.0071875,47.242032116528215
896,489,7.522175732217573,3.077824267782427,4,0.01304296875,48.7444041069957
897,489,7.561506276150627,3.0384937238493723,4,0.01859765625,50.16960288647855
898,489,7.600836820083682,2.999163179916318,4,0.02484375,51.77219982627676
899,489,7.640167364016736,2.959832635983264,4,0.030671875,53.26755607029111
900,489,7.6794979079497905,2.920502092050209,4,0.036664062500000004,54.805006793024354
901,489,7.718828451882845,2.881171548117155,4,0.04176953125,56.114946880776856
902,489,7.758158995815899,2.8418410041841007,4,0.04624609375,57.26352480010691
903,489,7.797489539748954,2.802510460251046,4,0.0546953125,59.43139045413039
904,489,7.836820083682008,2.7631799163179918,4,0.05407421875,59.272032784694545
905,489,7.876150627615062,2.7238493723849375,4,0.05774609375,60.21414730840331
906,489,7.915481171548117,2.684518828451883,4,0.060640625000000004,60.956814182943944
907,489,7.9548117154811715,2.6451882845188286,4,0.06476562500000001,62.01518964787635
908,489,7.994142259414225,2.6058577405857744,4,0.0659765625,62.325886990801585
909,489,8.03347280334728,2.5665271966527197,4,0.06715625,62.628566337780356
910,489,8.072803347280335,2.5271966527196654,4,0.06953125,63.237934029711134
911,489,8.11213389121339,2.4878661087866107,4,0.07214453125,63.90843894073365
912,489,8.151464435146444,2.4485355648535565,4,0.07399609375,64.38350520056126
913,489,8.190794979079499,2.4092050209205023,4,0.0756015625,64.79542974231052
914,489,8.230125523012552,2.3698744769874476,4,0.07719921875,65.20534978507318
915,489,8.269456066945606,2.3305439330543933,4,0.079359375,65.75959375487206
916,489,8.308786610878661,2.291213389121339,4,0.0805078125,66.05425510590437
917,489,8.348117154811716,2.2518828451882844,4,0.08162109375,66.33989621149692
918,489,8.38744769874477,2.21255230125523,4,0.0839375,66.9342301610281
919,489,8.426778242677825,2.173221757322176,4,0.08485546875,67.16975879195529
920,489,8.466108786610878,2.1338912133891212,4,0.08642578125,67.57266308826478
921,489,8.505439330543933,2.094560669456067,4,0.08783984375000001,67.93547740484199
922,489,8.544769874476987,2.0552301255230123,4,0.08903125,68.24116350030069
923,489,8.584100418410042,2.015899581589958,4,0.0902890625,68.5638878371456
924,489,8.623430962343097,1.9765690376569038,4,0.09112109375,68.77736697922003
925,489,8.66276150627615,1.9372384937238492,4,0.093046875,69.27147597942049
926,489,8.702092050209204,1.897907949790795,4,0.09420703125,69.56914407893272
927,489,8.741422594142259,1.8585774058577407,4,0.09539453125,69.87382792489812
928,489,8.780753138075314,1.819246861924686,4,0.09623046875,70.08830931646585
929,489,8.820083682008368,1.7799163179916317,4,0.0976640625,70.4561348805096
930,489,8.859414225941423,1.7405857740585775,4,0.09828125,70.61449030045213
931,489,8.898744769874476,1.7012552301255228,4,0.09959375000000001,70.95124613020334
932,489,8.93807531380753,1.6619246861924686,4,0.10014453125,71.09256330875967
933,489,8.977405857740585,1.6225941422594143,4,0.10162500000000001,71.4724158667231
934,489,9.01673640167364,1.5832635983263597,4,0.1022421875,71.63077128666562
935,489,9.056066945606695,1.5439330543933054,4,0.10330078125,71.9023808993519
936,489,9.09539748953975,1.5046025104602512,4,0.10408203125,72.10283079801331
937,489,9.134728033472802,1.4652719665271965,4,0.10459375,72.23412548163657
938,489,9.174058577405857,1.4259414225941422,4,0.10510546875,72.3654201652598
939,489,9.213389121338912,1.386610878661088,4,0.105890625,72.56687231341456
940,489,9.252719665271966,1.3472803347280333,4,0.1068984375,72.82545268268781
941,489,9.292050209205021,1.307949790794979,4,0.1078671875,73.074010557028
942,489,9.331380753138076,1.2686192468619246,4,0.10870703125,73.28949419808905
943,489,9.370711297071129,1.2292887029288702,4,0.10880078125,73.31354818592841
944,489,9.410041841004183,1.189958158995816,4,0.10985937500000001,73.58515779861469
945,489,9.449372384937238,1.1506276150627615,4,0.1101171875,73.65130626517295
946,489,9.488702928870293,1.111297071129707,4,0.11104296875,73.88883939508676
947,489,9.528033472803347,1.0719665271966528,4,0.11156640625,74.02314082718992
948,489,9.567364016736402,1.0326359832635983,4,0.11198828125,74.13138377246709
949,489,9.606694560669455,0.9933054393305439,4,0.112546875,74.27470545001003
950,489,9.64602510460251,0.9539748953974896,4,0.112921875,74.37092140136753
951,489,9.685355648535564,0.9146443514644351,4,0.11360546875000001,74.54631506269628
952,489,9.724686192468619,0.8753138075313807,4,0.11337109375,74.48618009309784
953,489,9.764016736401674,0.8359832635983263,4,0.1139140625,74.62549277266754
954,489,9.803347280334728,0.796652719665272,4,0.11482031250000001,74.85801465511483
955,489,9.842677824267781,0.7573221757322175,4,0.1153125,74.98429809127153
956,489,9.882008368200836,0.7179916317991631,4,0.1156015625,75.05846455377626
957,489,9.92133891213389,0.6786610878661088,4,0.116234375,75.22082897169203
958,489,9.960669456066945,0.6393305439330543,4,0.11642187500000001,75.26893694737078
959,489,10.0,0.6,4,0.116625,75.32105392102275
960,489,10.0,0.6,4,0.11698046875,75.4122586249137
961,489,9.960669456066945,0.6393305439330543,4,0.1163828125,75.2589144524377
962,489,9.92133891213389,0.6786610878661088,4,0.11616015625000001,75.2017862313192
963,489,9.882008368200836,0.7179916317991631,4,0.11496484375,74.89509788636718
964,489,9.842677824267781,0.7573221757322175,4,0.11490625,74.88006414396757
965,489,9.803347280334728,0.796652719665272,4,0.11424218750000001,74.70968173010534
966,489,9.764016736401674,0.8359832635983263,4,0.1144609375,74.76580770173057
967,489,9.724686192468619,0.8753138075313807,4,0.113875,74.61547027773447
968,489,9.685355648535564,0.9146443514644351,4,0.1136640625,74.56134880509589
969,489,9.64602510460251,0.9539748953974896,4,0.11311328125,74.42003162653958
970,489,9.606694560669455,0.9933054393305439,4,0.11274609375,74.3258201741687
971,489,9.567364016736402,1.0326359832635983,4,0.1116796875,74.05220606249583
972,489,9.528033472803347,1.0719665271966528,4,0.11141796875,73.98505534644424
973,489,9.488702928870293,1.111297071129707,4,0.11116406250000001,73.91990912937928
974,489,9.449372384937238,1.1506276150627615,4,0.11046093750000001,73.73950422058398
975,489,9.410041841004183,1.189958158995816,4,0.10973437500000001,73.55308581482885
976,489,9.370711297071129,1.2292887029288702,4,0.1091640625,73.40675738880599
977,489,9.331380753138076,1.2686192468619246,4,0.10866796875,73.27947170315598
978,489,9.292050209205021,1.307949790794979,4,0.1072890625,72.92567763201853
979,489,9.252719665271966,1.3472803347280333,4,0.107234375,72.91164613911224
980,489,9.213389121338912,1.386610878661088,4,0.10582421875,72.54983407202833
981,489,9.174058577405857,1.4259414225941422,4,0.10547265625,72.45963161763069
982,489,9.134728033472802,1.4652719665271965,4,0.104625,72.24214347758303
983,489,9.09539748953975,1.5046025104602512,4,0.1038125,72.03367558297514
984,489,9.056066945606695,1.5439330543933054,4,0.10324609375,71.88834940644558
985,489,9.01673640167364,1.5832635983263597,4,0.101640625,71.47642486469633
986,489,8.977405857740585,1.6225941422594143,4,0.10069140625,71.23287823782267
987,489,8.93807531380753,1.6619246861924686,4,0.10048046875,71.17875676518409
988,489,8.898744769874476,1.7012552301255228,4,0.099078125,70.81894919708681
989,489,8.859414225941423,1.7405857740585775,4,0.09852734375,70.67763201853049
990,489,8.820083682008368,1.7799163179916317,4,0.097625,70.44611238557653
991,489,8.780753138075314,1.819246861924686,4,0.09570703125,69.9540078843627
992,489,8.741422594142259,1.8585774058577407,4,0.0954296875,69.88284817033787
993,489,8.702092050209204,1.897907949790795,4,0.09401953125,69.52103610325398
994,489,8.66276150627615,1.9372384937238492,4,0.093296875,69.33561994699214
995,489,8.623430962343097,1.9765690376569038,4,0.09112109375,68.77736697922003
996,489,8.584100418410042,2.015899581589958,4,0.090609375,68.64607229559678
997,489,8.544769874476987,2.0552301255230123,4,0.08942968750000001,68.34339294861802
998,489,8.505439330543933,2.094560669456067,4,0.08730859375,67.79917147375221
999,489,8.466108786610878,2.1338912133891212,4,0.08671875,67.64783180026282
1000,489,8.426778242677825,2.173221757322176,4,0.08496875,67.19882402726118
1001,489,8.38744769874477,2.21255230125523,4,0.08411328125,66.97933138822691
1002,489,8.348117154811716,2.2518828451882844,4,0.08219140625,66.48622463751977
1003,489,8.308786610878661,2.291213389121339,4,0.08089453125,66.15347780574179
1004,489,8.269456066945606,2.3305439330543933,4,0.07938671875,65.76660950132519
1005,489,8.230125523012552,2.3698744769874476,4,0.07686328125,65.11915632864876
1006,489,8.190794979079499,2.4092050209205023,4,0.0757421875,64.83151072406959
1007,489,8.151464435146444,2.4485355648535565,4,0.07385546875,64.3474242188022
1008,489,8.11213389121339,2.4878661087866107,4,0.072140625,63.90743669124035
1009,489,8.072803347280335,2.5271966527196654,4,0.06973828125,63.291053252856415
1010,489,8.03347280334728,2.5665271966527197,4,0.067140625,62.62455733980713
1011,489,7.994142259414225,2.6058577405857744,4,0.06581640625,62.28479476157599
1012,489,7.9548117154811715,2.6451882845188286,4,0.06366015625,61.73155304127041
1013,489,7.915481171548117,2.684518828451883,4,0.060953125000000004,61.036994142408524
1014,489,7.876150627615062,2.7238493723849375,4,0.0578046875,60.22918105080292
1015,489,7.836820083682008,2.7631799163179918,4,0.05768359375,60.19811131651039
1016,489,7.797489539748954,2.802510460251046,4,0.05075390625,58.420120715383426
1017,489,7.758158995815899,2.8418410041841007,4,0.04648828125,57.32566426869195
1018,489,7.718828451882845,2.881171548117155,4,0.04180859375,56.12496937570994
1019,489,7.6794979079497905,2.920502092050209,4,0.0370546875,54.90523174235507
1020,489,7.640167364016736,2.959832635983264,4,0.03101953125,53.356756275195444
1021,489,7.600836820083682,2.999163179916318,4,0.025453125,51.928550747232684
1022,489,7.561506276150627,3.0384937238493723,4,0.01940625,50.37706853159314
1023,489,7.522175732217573,3.077824267782427,4,0.02827734375,52.65317713089379
1024,489,7.482845188284519,3.1171548117154813,4,0.02297265625,51.292122318982614
1025,489,7.443514644351464,3.1564853556485355,4,0.00210546875,45.938105525735544
1026,489,7.4041841004184095,3.19581589958159,4,-0.0032539062499999938,44.563019220918065
1027,489,7.364853556485356,3.2351464435146444,4,-0.007398437500000021,43.49963250851912
1028,489,7.325523012552301,3.2744769874476987,4,-0.011750000000000038,42.383126572974895
1029,489,7.286192468619246,3.3138075313807533,4,-0.015128906250000018,41.516180761264174
1030,489,7.2468619246861925,3.3531380753138076,4,-0.0171015625,41.01004476714404
1031,489,7.207531380753138,3.392468619246862,4,-0.018929687500000014,40.54099200427627
1032,489,7.168200836820083,3.4317991631799165,4,-0.01930859374999999,40.44377380342547
1033,489,7.128870292887029,3.4711297071129708,4,-0.019144531249999985,40.48586828214438
1034,489,7.089539748953975,3.510460251046025,4,-0.018894531250000013,40.55001224971603
1035,489,7.05020920502092,3.5497907949790797,4,-0.011722656250000019,42.39014231942805
1036,489,7.010878661087866,3.589121338912134,4,-0.013734375000000021,41.87398383037484
1037,489,6.9715481171548115,3.628451882845188,4,-0.01082031250000004,42.621661952382006
1038,489,6.932217573221757,3.667782426778243,4,-0.006671874999999994,43.68605091427427
1039,489,6.892887029288703,3.707112970711297,4,-0.002054687500000041,44.87070981536337
1040,489,6.853556485355648,3.7464435146443518,4,0.00176171875,45.84990757032451
1041,489,6.814225941422594,3.785774058577406,4,0.00679296875,47.14080491770418
1042,489,6.774895397489539,3.8251046025104602,4,0.011453125,48.33648856321968
1043,489,6.735564853556485,3.864435146443515,4,0.01621484375,49.55823069556115
1044,489,6.6962343096234305,3.903765690376569,4,0.0195546875,50.41515401233881
1045,489,6.656903765690376,3.9430962343096234,4,0.02359765625,51.45248223791176
1046,489,6.617573221757322,3.982426778242678,4,0.02652734375,52.20416935789216
1047,489,6.578242677824267,4.021757322175732,4,0.029234375,52.898728256754055
1048,489,6.538912133891213,4.061087866108786,4,0.029109375,52.86665627296822
1049,489,6.499581589958159,4.100418410041841,4,0.0292265625,52.89672375776744
1050,489,6.460251046025104,4.1397489539748955,4,0.02866015625,52.751397581237896
1051,489,6.4209205020920495,4.179079497907949,4,0.0121484375,48.514888973028356
1052,489,6.381589958158996,4.218410041841004,4,0.02156640625,50.93131250139202
1053,489,6.342259414225941,4.257740585774059,4,0.0176171875,49.91803826365844
1054,489,6.302928870292886,4.2970711297071125,4,0.01152734375,48.355531303592514
1055,489,6.2635983263598325,4.336401673640167,4,-0.0006171874999999494,45.23953762890044
1056,489,6.224267782426778,4.375732217573222,4,-0.0048828125,44.14508118220896
1057,489,6.184937238493723,4.415062761506276,4,-0.012511718750000012,42.18768792178
1058,489,6.145606694560669,4.45439330543933,4,-0.022839843749999977,39.53774026147577
1059,489,6.106276150627615,4.493723849372385,4,-0.03245703124999999,37.07020200895344
1060,489,6.06694560669456,4.533054393305439,4,-0.04334765624999998,34.27593042161296
1061,489,6.027615062761506,4.5723849372384935,4,-0.0552578125,31.220071716519303
1062,489,5.9882845188284515,4.611715481171548,4,-0.0659765625,28.469899106884345
1063,489,5.948953974895397,4.651046025104602,4,-0.07818750000000002,25.336867190806032
1064,489,5.909623430962343,4.690376569037657,4,-0.08881250000000002,22.610748569010447
1065,489,5.870292887029288,4.729707112970711,4,-0.10153125000000002,19.347424218802203
1066,489,5.830962343096234,4.769037656903765,4,-0.11443359375,16.03699414240852
1067,489,5.79163179916318,4.80836820083682,4,-0.12594531250000002,13.083364885632198
1068,489,5.752301255230125,4.8476987447698745,4,-0.1358125,10.551682665538214
1069,489,5.7129707112970705,4.887029288702928,4,-0.14625781250000003,7.871667520434753
1070,489,5.673640167364017,4.926359832635983,4,-0.15476562500000002,5.6887681240116725
1071,489,5.634309623430962,4.965690376569038,4,-0.1620390625,3.8225795674736704
1072,489,5.594979079497907,5.0050209205020915,4,-0.11534765624999999,15.802467760974642
1073,489,5.5556485355648535,5.044351464435146,4,-0.17234765624999998,1.177643154635972
1074,489,5.516317991631799,5.083682008368201,4,-0.175640625,0.33274683177799846
1075,489,5.476987447698744,5.123012552301255,4,-0.17693750000000003,0.0
1076,489,5.43765690376569,5.162343096234309,4,-0.1765,0.11225194325041547
1077,489,5.398326359832636,5.201673640167364,4,-0.17456640625000003,0.60836544243747
1078,489,5.358995815899581,5.241004184100418,4,-0.17051953125000002,1.6466959175037312
1079,489,5.319665271966527,5.2803347280334725,4,-0.16501953125000002,3.057863204080271
1080,489,5.2803347280334725,5.319665271966527,4,-0.15912109375,4.571259938974149
1081,489,5.241004184100418,5.358995815899581,4,-0.15045312500000002,6.795251564622821
1082,489,5.201673640167364,5.398326359832636,4,-0.1407734375,9.278825809038073
1083,489,5.162343096234309,5.43765690376569,4,-0.13055859375,11.899708234036398
1084,489,5.123012552301255,5.476987447698744,4,-0.11975000000000002,14.672932582017417
1085,489,5.083682008368201,5.516317991631799,4,-0.10691406250000002,17.96632441702488
1086,489,5.044351464435146,5.5556485355648535,4,-0.09409765625,21.25470500456581
1087,489,5.0050209205020915,5.594979079497907,4,-0.08166406250000002,24.444865141762623
1088,489,4.965690376569038,5.634309623430962,4,-0.06837109375,27.855520167487033
1089,489,4.926359832635983,5.673640167364017,4,-0.056316406250000006,30.94846210383305
1090,489,4.887029288702928,5.7129707112970705,4,-0.042625000000000024,34.461346577874785
1091,489,4.8476987447698745,5.752301255230125,4,-0.0171015625,41.01004476714404
1092,489,4.80836820083682,5.79163179916318,4,-0.01733203124999999,40.95091204703892
1093,489,4.769037656903765,5.830962343096234,4,-0.006628906250000011,43.69707565870064
1094,489,4.729707112970711,5.870292887029288,4,0.00512109375,46.711842134568705
1095,489,4.690376569037657,5.909623430962343,4,0.01564453125,49.4119022695383
1096,489,4.651046025104602,5.948953974895397,4,0.02351171875,51.430432749059
1097,489,4.611715481171548,5.9882845188284515,4,0.032078125,53.6283658878817
1098,489,4.5723849372384935,6.027615062761506,4,0.03796484375,55.13875587429565
1099,489,4.533054393305439,6.06694560669456,4,0.0439140625,56.665181852602515
1100,489,4.493723849372385,6.106276150627615,4,0.0480234375,57.71954831956169
1101,489,4.45439330543933,6.145606694560669,4,0.05053125,58.36299249426491
1102,489,4.415062761506276,6.184937238493723,4,0.05194921875,58.72680906033543
1103,489,4.375732217573222,6.224267782426778,4,0.05190234375,58.71478206641574
1104,489,4.336401673640167,6.2635983263598325,4,0.05103125,58.491280429408235
1105,489,4.2970711297071125,6.302928870292886,4,0.048078125,57.73357981246799
1106,489,4.257740585774059,6.342259414225941,4,0.0437578125,56.62509187287022
1107,489,4.218410041841004,6.381589958158996,4,0.037765625000000004,55.08764115013698
1108,489,4.179079497907949,6.4209205020920495,4,0.03207421875,53.62736363838839
1109,489,4.1397489539748955,6.460251046025104,4,0.02550390625,51.94157999064567
1110,489,4.100418410041841,6.499581589958159,4,0.018171875,50.06035769170806
1111,489,4.061087866108786,6.538912133891213,4,0.010515625,48.09594868482595
1112,489,4.021757322175732,6.578242677824267,4,0.00340234375,46.27085235751354
1113,489,3.982426778242678,6.617573221757322,4,-0.0047656249999999956,44.17514866700818
1114,489,3.9430962343096234,6.656903765690376,4,-0.011675781250000017,42.402169313347734
1115,489,3.903765690376569,6.6962343096234305,4,-0.01907031250000002,40.504911022517206
1116,489,3.864435146443515,6.735564853556485,4,-0.02514843750000001,38.94541081093121
1117,489,3.8251046025104602,6.774895397489539,4,-0.03168749999999998,37.26764515913496
1118,489,3.785774058577406,6.814225941422594,4,-0.036789062500000025,35.958707320875746
1119,489,3.7464435146443518,6.853556485355648,4,-0.04203515624999998,34.61268625136418
1120,489,3.707112970711297,6.892887029288703,4,-0.0453515625,33.761776431546366
1121,489,3.667782426778243,6.932217573221757,4,-0.047566406250000026,33.19350096884118
1122,489,3.628451882845188,6.9715481171548115,4,-0.047671874999999975,33.16644023252189
1123,489,3.589121338912134,7.010878661087866,4,-0.03762890624999998,35.743223679814704
1124,489,3.5497907949790797,7.05020920502092,4,-0.04536328125,33.75876968306645
1125,489,3.510460251046025,7.089539748953975,4,-0.04230859375000001,34.54252878683267
1126,489,3.4711297071129708,7.128870292887029,4,-0.037480468749999996,35.781309160560376
1127,489,3.4317991631799165,7.168200836820083,4,-0.031535156249999974,37.30673288937394
1128,489,3.392468619246862,7.207531380753138,4,-0.025691406249999993,38.80609813136151
1129,489,3.3531380753138076,7.2468619246861925,4,-0.017980468749999978,40.78453863114993
1130,489,3.3138075313807533,7.286192468619246,4,-0.009335937499999947,43.00251675983877
1131,489,3.2744769874476987,7.325523012552301,4,-0.0018515624999999591,44.92282678901536
1132,489,3.2351464435146444,7.364853556485356,4,0.0077578125,47.38836054255106
1133,489,3.19581589958159,7.4041841004184095,4,0.01584765625,49.46401924319028
1134,489,3.1564853556485355,7.443514644351464,4,0.02474609375,51.747143588944084
1135,489,3.1171548117154813,7.482845188284519,4,0.03419921875,54.17258736274751
1136,489,3.077824267782427,7.522175732217573,4,0.04312890625,56.463729704447765
1137,489,3.0384937238493723,7.561506276150627,4,0.05115625,58.52335241319407
1138,489,2.999163179916318,7.600836820083682,4,0.038441406250000004,55.26103031247913
1139,489,2.959832635983264,7.640167364016736,4,0.03172265625,53.53716118399074
1140,489,2.920502092050209,7.6794979079497905,4,0.07348828125,64.25321276643133
1141,489,2.881171548117155,7.718828451882845,4,0.08031640625,66.0051448807323
1142,489,2.8418410041841007,7.758158995815899,4,0.08592578125,67.44437515312146
1143,489,2.802510460251046,7.797489539748954,4,0.09148828125,68.87157843159092
1144,489,2.7631799163179918,7.836820083682008,4,0.09634765625,70.11837680126507
1145,489,2.7238493723849375,7.876150627615062,4,0.10019140625,71.10459030267936
1146,489,2.684518828451883,7.915481171548117,4,0.10411328125000001,72.11084879395979
1147,489,2.6451882845188286,7.9548117154811715,4,0.10781640625,73.060981313615
1148,489,2.6058577405857744,7.994142259414225,4,0.1116015625,74.03216107262969
1149,489,2.5665271966527197,8.03347280334728,4,0.11416796875,74.69063898973252
1150,489,2.5271966527196654,8.072803347280335,4,0.11699609375,75.41626762288693
1151,489,2.4878661087866107,8.11213389121339,4,0.11922656250000001,75.98855208356535
1152,489,2.4485355648535565,8.151464435146444,4,0.12194921875,76.68711998040047
1153,489,2.4092050209205023,8.190794979079499,4,0.1242734375,77.28345842891825
1154,489,2.3698744769874476,8.230125523012552,4,0.12699609375,77.98202632575337
1155,489,2.3305439330543933,8.269456066945606,4,0.1284765625,78.3618788837168
1156,489,2.291213389121339,8.308786610878661,4,0.1317109375,79.19174146417515
1157,489,2.2518828451882844,8.348117154811716,4,0.1333203125,79.60466825541774
1158,489,2.21255230125523,8.38744769874477,4,0.134625,79.93941958618232
1159,489,2.173221757322176,8.426778242677825,4,0.13691406250000002,80.52673778926034
1160,489,2.1338912133891212,8.466108786610878,4,0.1383125,80.88554310786432
1161,489,2.094560669456067,8.505439330543933,4,0.14022265625,81.37564311009154
1162,489,2.0552301255230123,8.544769874476987,4,0.1420078125,81.83367112853293
1163,489,2.015899581589958,8.584100418410042,4,0.14353515625,82.22555068041603
1164,489,1.9765690376569038,8.623430962343097,4,0.14591015625,82.83491837234682
1165,489,1.9372384937238492,8.66276150627615,4,0.14724609375,83.1776876990579
1166,489,1.897907949790795,8.702092050209204,4,0.14808203125,83.39216909062564
1167,489,1.8585774058577407,8.741422594142259,4,0.1501953125,83.93438606650483
1168,489,1.819246861924686,8.780753138075314,4,0.15058203125,84.03360876634223
1169,489,1.7799163179916317,8.820083682008368,4,0.15261328125,84.55477850286199
1170,489,1.7405857740585775,8.859414225941423,4,0.1528828125,84.62393371790017
1171,489,1.7012552301255228,8.898744769874476,4,0.15529296875,85.24232165527073
1172,489,1.6619246861924686,8.93807531380753,4,0.15615234375,85.46281654379831
1173,489,1.6225941422594143,8.977405857740585,4,0.156484375,85.54800775072943
1174,489,1.5832635983263597,9.01673640167364,4,0.1580546875,85.95091204703891
1175,489,1.5439330543933054,9.056066945606695,4,0.1585546875,86.07919998218225
1176,489,1.5046025104602512,9.09539748953975,4,0.16006640625000002,86.46707053609212
1177,489,1.4652719665271965,9.134728033472802,4,0.16146484375,86.8258758546961
1178,489,1.4259414225941422,9.174058577405857,4,0.13212890625,79.29898215995902
1179,489,1.386610878661088,9.213389121338912,4,0.1631953125,87.26987238023119
1180,489,1.3472803347280333,9.252719665271966,4,0.16415234375,87.51542350609147
1181,489,1.307949790794979,9.292050209205021,4,0.16474609375000002,87.66776542907415
1182,489,1.2686192468619246,9.331380753138076,4,0.165796875,87.93737054277379
1183,489,1.2292887029288702,9.370711297071129,4,0.16551171875,87.86420632976235
1184,489,1.189958158995816,9.410041841004183,4,0.1670703125,88.26410387759194
1185,489,1.1506276150627615,9.449372384937238,4,0.167453125,88.36232432793605
1186,489,1.111297071129707,9.488702928870293,4,0.1159296875,75.14265351121406
1187,489,1.0719665271966528,9.528033472803347,4,0.16852734375,88.63794293859551
1188,489,1.0326359832635983,9.567364016736402,4,0.1684453125,88.61689569923607
1189,489,0.9933054393305439,9.606694560669455,4,0.16903515625,88.76823537272547
1190,489,0.9539748953974896,9.64602510460251,4,0.17008203125000002,89.0368382369318
1191,489,0.9146443514644351,9.685355648535564,4,0.1704921875,89.14207443372904
1192,489,0.8753138075313807,9.724686192468619,4,0.171171875,89.31646584556451
1193,489,0.8359832635983263,9.764016736401674,4,0.17174609375,89.46379652108065
1194,489,0.796652719665272,9.803347280334728,4,0.11935546875,76.02162631684448
1195,489,0.7573221757322175,9.842677824267781,4,0.17217578125,89.57404396534444
1196,489,0.7179916317991631,9.882008368200836,4,0.17275000000000001,89.7213746408606
1197,489,0.6786610878661088,9.92133891213389,4,0.173078125,89.80556359829842
1198,489,0.6393305439330543,9.960669456066945,4,0.17341015625,89.89075480522952
1199,489,0.6,10.0,4,0.1738359375,90.0
